Name,Description,Recommended Setting,Complexity,SMB Justification (if not using recommended)
CISv4 - WIN - L1 - Access Credential Manager As Trusted Caller,,No One / Empty,Moderate,Restricting Credential Manager access is low-friction for most SMB users. Only deviate if a specific SSO or password manager integration requires this privilege.
CISv4 - WIN - L1 - Access From Network,"This policy setting allows other users on the network to connect to the computer and is required by various network protocols that include Server Message Block (SMB)-based protocols, NetBIOS, Common Internet File System (CIFS), and Component Object Model Plus (COM+). The recommended state for this setting is: *S-1-5-32-544 and *S-1-5-32-555 (Administrators, Remote Desktop Users).","*S-1-5-32-544 and *S-1-5-32-555 (Administrators, Remote Desktop Users)",Simple,Restricting network logon rights to Administrators and Remote Desktop Users is correct for most SMBs. Deviating would only be needed if a specific service account or legacy app requires broader network access — document the exception and scope it tightly.
CISv4 - WIN - L1 - Account Management Audit Application Group  Management',"This policy setting allows you to audit events generated by changes to application groups such as the following: • Application group is created, changed, or deleted. • Member is added or removed from an application group. Application groups are utilized by Windows Authorization Manager, which is a flexible framework created by Microsoft for integrating role-based access control (RBAC) into applications. More information on Windows Authorization Manager is available at MSDN - Windows Authorization Manager. The recommended state for this setting is: Success and Failure",Success and Failure,Moderate,"Full audit logging (Success and Failure) can generate high event volume on busy systems, impacting SIEM ingestion costs. For SMBs without a SIEM, Failure-only auditing is a pragmatic compromise."
CISv4 - WIN - L1 - Accounts: Enable Guest account status,This policy setting determines whether the Guest account is enabled or disabled. The Guest account allows unauthenticated network users to gain access to the system. The recommended state for this setting is: Disabled.,Disabled,Simple,The Guest account should always be disabled in managed SMB environments. No legitimate use case justifies enabling it when Intune manages device access.
CISv4 - WIN - L1 - Accounts: Limit local account use of blank  passwords to console logon only',"This policy setting determines whether local accounts that are not password protected can be used to log on from locations other than the physical computer console. If you enable this policy setting, local accounts that have blank passwords will not be able to log on to the network from remote client computers. Such accounts will only be able to log on at the keyboard of the computer. The recommended state for this setting is: Enabled.",Enabled,Simple,Allowing blank passwords only at the console is a foundational control with no meaningful operational downside. Only a kiosk with a documented exception process would warrant deviation.
CISv4 - WIN - L1 - Accounts: Rename administrator account,"The built-in local administrator account is a well-known account name that attackers will target. It is recommended to choose another name for this account, and to avoid names that denote administrative or elevated access accounts. Be sure to also change the default description for the local administrator (through the Computer Management console).", (configured value),Simple,Renaming built-in accounts is a low-effort hardening step. The policy applies the rename via Intune. No operational justification exists to skip this; deviation only increases attack surface for local account brute-force.
CISv4 - WIN - L1 - Accounts: Rename guest account,"The built-in local guest account is another well-known name to attackers. It is recommended to rename this account to something that does not indicate its purpose. Even if you disable this account, which is recommended, ensure that you rename it for added security", (configured value),Simple,Renaming built-in accounts is a low-effort hardening step. The policy applies the rename via Intune. No operational justification exists to skip this; deviation only increases attack surface for local account brute-force.
CISv4 - WIN - L1 - Act As Part Of The Operating System,This policy setting allows a process to assume the identity of any user and thus gain access to the resources that the user is authorized to access.,No One / Empty,Simple,This privilege should be granted to no accounts (empty) in virtually all SMB environments. No legitimate user or standard service requires it; deviation is a significant security risk.
CISv4 - WIN - L1 - Allow Auto Connect To Wi Fi Sense Hotspots,The recommended state for this setting is: Block.,Block,Simple,"'allow auto connect to wi fi sense hotspots' is a low-complexity, single-value setting with minimal operational impact. Apply the recommended state; deviation requires a specific documented business or technical exception."
CISv4 - WIN - L1 - Allow Auto Update,,Option 2 (inferred from payload),Simple,"Windows Update should be managed via an Intune Update Ring policy, not this setting alone. Ensure an update ring is configured and targeting the device before changing this toggle, otherwise devices may stop receiving patches."
CISv4 - WIN - L1 - Allow Basic authentication WinRM Client,This policy setting allows you to manage whether the Windows Remote Management (WinRM) client uses Basic authentication. The recommended state for this setting is: Disabled.,Disabled,Moderate,"Disabling basic/unencrypted WinRM is critical — however, some RMM tools or legacy scripts may depend on it. Audit WinRM usage before enforcing; migrate to HTTPS/Kerberos-based WinRM."
CISv4 - WIN - L1 - Allow Basic authentication WinRM Service,,Disabled (inferred from payload),Moderate,"Disabling basic/unencrypted WinRM is critical — however, some RMM tools or legacy scripts may depend on it. Audit WinRM usage before enforcing; migrate to HTTPS/Kerberos-based WinRM."
CISv4 - WIN - L1 - Allow Behavior Monitoring,This policy setting allows you to configure behavior monitoring for Microsoft Defender Antivirus. The recommended state for this setting is: Allowed.,Allowed,Simple,"Defender settings should match the recommended state in most SMB environments. Only deviate if a third-party AV (e.g., Sophos, CrowdStrike) replaces Defender — confirm AV is active and managed."
CISv4 - WIN - L1 - Allow Clipboard Redirection,This policy setting enables or disables clipboard sharing with the Windows Sandbox. The recommended state for this setting is: Not allowed.,Not allowed,Simple,Clipboard redirection is commonly needed in RDS/remote work scenarios. Blocking may frustrate users who copy/paste between local and remote sessions. Evaluate whether dedicated VDI/RDS use justifies the risk.
CISv4 - WIN - L1 - Allow Cortana Above Lock,This policy setting determines whether or not the user can interact with Cortana using speech while the system is locked. The recommended state for this setting is: Block.,Block,Simple,Privacy-related restrictions are low-risk for SMBs. Users may notice loss of Cortana/search features. Acceptable trade-off; communicate change to users to reduce help desk calls.
CISv4 - WIN - L1 - Allow Cortana,This policy setting specifies whether Cortana is allowed on the device. The recommended state for this setting is: Block.,Block,Simple,Privacy-related restrictions are low-risk for SMBs. Users may notice loss of Cortana/search features. Acceptable trade-off; communicate change to users to reduce help desk calls.
CISv4 - WIN - L1 - Allow Email Scanning,"This policy setting allows you to configure e-mail scanning. When e-mail scanning is enabled, the engine will parse the mailbox and mail files, according to their specific format, in order to analyze the mail bodies and attachments. Several e-mail formats are currently supported, for example: pst (Outlook), dbx, mbx, mime (Outlook Express), binhex (Mac). The recommended state for this setting is: Allowed.",Allowed,Simple,"Defender settings should match the recommended state in most SMB environments. Only deviate if a third-party AV (e.g., Sophos, CrowdStrike) replaces Defender — confirm AV is active and managed."
CISv4 - WIN - L1 - Allow Full Scan Removable Drive Scanning,"This policy setting allows you to manage whether or not to scan for malicious software and unwanted software in the contents of removable drives, such as USB flash drives, when running a full scan. The recommended state for this setting is: Allowed.",Allowed,Simple,"Defender settings should match the recommended state in most SMB environments. Only deviate if a third-party AV (e.g., Sophos, CrowdStrike) replaces Defender — confirm AV is active and managed."
CISv4 - WIN - L1 - Allow Game DVR,This setting enables or disables the Windows Game Recording and Broadcasting features. The recommended state for this setting is: Block.,Block,Simple,"Disabling consumer features (Game DVR, Ink Workspace, Widgets) is low-risk for business SMBs and reduces attack surface. Only retain if a specific business use case depends on these features."
CISv4 - WIN - L1 - Allow Indexing Encrypted Stores Or Items,"This policy setting controls whether encrypted items are allowed to be indexed. When this setting is changed, the index is rebuilt completely. Full volume encryption (such as BitLocker Drive Encryption or a non-Microsoft solution) must be used for the location of the index to maintain security for encrypted files. The recommended state for this setting is: Block.",Block,Simple,Indexing encrypted files can expose sensitive content via the search index. Blocking is the correct default. Only enable if users actively search encrypted files and accept the security trade-off.
CISv4 - WIN - L1 - Allow Input Personalization,"This policy enables the automatic learning component of input personalization that includes speech, inking, and typing. Automatic learning enables the collection of speech and handwriting patterns, typing history, contacts, and recent calendar information. It is required for the use of Cortana. Some of this collected information may be stored on the user's OneDrive, in the case of inking and typing; some of the information will be uploaded to Microsoft to personalize speech. The recommended state for this setting is: Block.",Block,Simple,Privacy-related restrictions are low-risk for SMBs. Users may notice loss of Cortana/search features. Acceptable trade-off; communicate change to users to reduce help desk calls.
CISv4 - WIN - L1 - Allow Local Log On,"This policy setting determines which users can interactively log on to computers in your environment. Logons that are initiated by pressing the CTRL+ALT+DEL key sequence on the client computer keyboard require this user right. Users who attempt to log on through Terminal Services / Remote Desktop Services or IIS also require this user right. The recommended state for this setting is: *S-1-5-32-544, *S-1-5-32-545","*S-1-5-32-544, *S-1-5-32-545",Simple,"'allow local log on' is a low-complexity, single-value setting with minimal operational impact. Apply the recommended state; deviation requires a specific documented business or technical exception."
CISv4 - WIN - L1 - Allow Microsoft accounts to be optional,This policy setting lets you control whether Microsoft accounts are optional for Windows Store apps that require an account to sign in. This policy only affects Windows Store apps that support it. The recommended state for this setting is: Enabled.,Enabled,Simple,Making Microsoft accounts optional prevents users bypassing corporate credentials. Only deviate if the tenant uses Microsoft consumer accounts as the primary identity (rare in managed SMB).
CISv4 - WIN - L1 - Allow Networking,"This policy setting enables or disables networking in the Windows Sandbox. Networking is achieved by creating a virtual switch on the host, and connecting the Windows Sandbox to it via a virtual Network Interface Card (NIC). The recommended state for this setting is: Not allowed.",Not allowed,Simple,This policy controls whether networking is available during OOBE/provisioning. Required for Autopilot and cloud-join scenarios — do not disable in Intune-managed SMB environments.
CISv4 - WIN - L1 - Allow Print Spooler to accept client  connections,This policy setting controls whether the Print Spooler service will accept client connections. The recommended state for this setting is: Disabled.,Disabled,Simple,"'allow print spooler to accept client  connections' is a low-complexity, single-value setting with minimal operational impact. Apply the recommended state; deviation requires a specific documented business or technical exception."
CISv4 - WIN - L1 - Allow Realtime Monitoring,This policy setting configures real-time protection prompts for known malware detection. Microsoft Defender Antivirus alerts you when malware or potentially unwanted software attempts to install itself or to run on your computer. The recommended state for this setting is: Allowed.,Allowed,Simple,"Defender settings should match the recommended state in most SMB environments. Only deviate if a third-party AV (e.g., Sophos, CrowdStrike) replaces Defender — confirm AV is active and managed."
CISv4 - WIN - L1 - Allow Script Scanning,This policy setting allows script scanning to be turned on/off. Script scanning intercepts scripts then scans them before they are executed on the system. The recommended state for this setting is: Allowed.,Allowed,Simple,"Defender settings should match the recommended state in most SMB environments. Only deviate if a third-party AV (e.g., Sophos, CrowdStrike) replaces Defender — confirm AV is active and managed."
CISv4 - WIN - L1 - Allow Search To Use Location,This policy setting specifies whether search and Cortana can provide location aware search and Cortana results. The recommended state for this setting is: Block.,Block,Simple,Privacy-related restrictions are low-risk for SMBs. Users may notice loss of Cortana/search features. Acceptable trade-off; communicate change to users to reduce help desk calls.
CISv4 - WIN - L1 - Allow Spotlight Collection (User),"This policy setting removes the Spotlight collection setting in Personalization, rendering the user unable to select and subsequently download daily images from Microsoft to the system desktop. The recommended state for this setting is: 0",0,Simple,Spotlight Collection sends lock screen telemetry to Microsoft. Disabling is low-friction and appropriate for SMBs with data privacy obligations. No business functionality is lost.
CISv4 - WIN - L1 - Allow Telemetry,This policy setting determines the amount of diagnostic and usage data reported to Microsoft: The recommended state for this setting is: Basic or Security.,Basic or Security,Simple,Privacy-related restrictions are low-risk for SMBs. Users may notice loss of Cortana/search features. Acceptable trade-off; communicate change to users to reduce help desk calls.
CISv4 - WIN - L1 - Allow Windows Ink Workspace,"The recommended state for this setting is: Ink workspace is enabled (feature is turned on), but the user can't access it above the lock screen OR Access to ink workspace is disabled. The feature is turned off.","Ink workspace is enabled (feature is turned on), but the user can't access it above the lock screen OR Access to ink workspace is disabled",Simple,"Disabling consumer features (Game DVR, Ink Workspace, Widgets) is low-risk for business SMBs and reduces attack surface. Only retain if a specific business use case depends on these features."
CISv4 - WIN - L1 - Allow apps from the Microsoft app store to auto  update,This setting enables or disables the automatic download and installation of Microsoft Store app updates. The recommended state for this setting is: Allowed.,Allowed,Simple,Allowing Microsoft Store apps to auto-update is generally low-risk and reduces the patch burden on IT. Only disable if a specific Store app version must be pinned for compatibility reasons.
CISv4 - WIN - L1 - Allow scanning of all downloaded files and  attachments,This policy setting configures scanning for all downloaded files and attachments. The recommended state for this setting is: Allowed,Allowed,Simple,"Defender settings should match the recommended state in most SMB environments. Only deviate if a third-party AV (e.g., Sophos, CrowdStrike) replaces Defender — confirm AV is active and managed."
CISv4 - WIN - L1 - Allow unencrypted traffic WinRM Client,This policy setting allows you to manage whether the Windows Remote Management (WinRM) client sends and receives unencrypted messages over the network. The recommended state for this setting is: Disabled,Disabled,Moderate,"Disabling basic/unencrypted WinRM is critical — however, some RMM tools or legacy scripts may depend on it. Audit WinRM usage before enforcing; migrate to HTTPS/Kerberos-based WinRM."
CISv4 - WIN - L1 - Allow unencrypted traffic WinRM Service,This policy setting allows you to manage whether the Windows Remote Management (WinRM) service sends and receives unencrypted messages over the network. The recommended state for this setting is: Disabled.,Disabled,Moderate,"Disabling basic/unencrypted WinRM is critical — however, some RMM tools or legacy scripts may depend on it. Audit WinRM usage before enforcing; migrate to HTTPS/Kerberos-based WinRM."
CISv4 - WIN - L1 - Allow widgets,The recommended state for this setting is: Not allowed.,Not allowed,Simple,"Disabling consumer features (Game DVR, Ink Workspace, Widgets) is low-risk for business SMBs and reduces attack surface. Only retain if a specific business use case depends on these features."
CISv4 - WIN - L1 - Always prompt for password upon connection,"This policy setting specifies whether Remote Desktop Services always prompts the client computer for a password upon connection. You can use this policy setting to enforce a password prompt for users who log on to Remote Desktop Services, even if they already provided the password in the Remote Desktop Connection client. The recommended state for this setting is: Enabled.",Enabled,Simple,"'always prompt for password upon connection' is a low-complexity, single-value setting with minimal operational impact. Apply the recommended state; deviation requires a specific documented business or technical exception."
CISv4 - WIN - L1 - Apply UAC restrictions to local accounts on  network logons,"This setting controls whether local accounts can be used for remote administration via network logon (e.g., NET USE, connecting to C$, etc.). Local accounts are at high risk for credential theft when the same account and password is configured on multiple systems. Enabling this policy significantly reduces that risk.",Enabled / On (inferred from payload),Moderate,UAC settings are low-disruption and strongly recommended. Only skip for break-glass/admin-only workstations where UAC is superseded by other controls.
CISv4 - WIN - L1 - Audit Authentication Policy Change,This subcategory reports changes in authentication policy. Events for this subcategory include: • 4706: A new trust was created to a domain. • 4707: A trust to a domain was removed. • 4713: Kerberos policy was changed. • 4716: Trusted domain information was modified. • 4717: System security access was granted to an account. • 4718: System security access was removed from an account. • 4739: Domain Policy was changed. • 4864: A namespace collision was detected. • 4865: A trusted forest information entry was added. • 4866: A trusted forest information entry was removed. • 4867: A trusted forest information entry was modified. The recommended state for this setting is to include: Success.,to include: Success,Moderate,"Full audit logging (Success and Failure) can generate high event volume on busy systems, impacting SIEM ingestion costs. For SMBs without a SIEM, Failure-only auditing is a pragmatic compromise."
CISv4 - WIN - L1 - Audit Authorization Policy Change,This subcategory reports changes in authorization policy. Events for this subcategory include: • 4703: A user right was adjusted. • 4704: A user right was assigned. • 4705: A user right was removed. • 4670: Permissions on an object were changed. • 4911: Resource attributes of the object were changed. • 4913: Central Access Policy on the object was changed. The recommended state for this setting is to include: Success.,to include: Success,Moderate,"Full audit logging (Success and Failure) can generate high event volume on busy systems, impacting SIEM ingestion costs. For SMBs without a SIEM, Failure-only auditing is a pragmatic compromise."
CISv4 - WIN - L1 - Audit Changes to Audit Policy,This subcategory reports changes in audit policy including SACL changes. Events for this subcategory include: • 4715: The audit policy (SACL) on an object was changed. • 4719: System audit policy was changed. • 4902: The Per-user audit policy table was created. • 4904: An attempt was made to register a security event source. • 4905: An attempt was made to unregister a security event source. • 4906: The CrashOnAuditFail value has changed. • 4907: Auditing settings on object were changed. • 4908: Special Groups Logon table modified. • 4912: Per User Audit Policy was changed. The recommended state for this setting is to include: Success.,to include: Success,Moderate,"Full audit logging (Success and Failure) can generate high event volume on busy systems, impacting SIEM ingestion costs. For SMBs without a SIEM, Failure-only auditing is a pragmatic compromise."
CISv4 - WIN - L1 - Audit File Share Access,This policy setting allows you to audit attempts to access a shared folder. The recommended state for this setting is: Success and Failure,Success and Failure,Moderate,"Full audit logging (Success and Failure) can generate high event volume on busy systems, impacting SIEM ingestion costs. For SMBs without a SIEM, Failure-only auditing is a pragmatic compromise."
CISv4 - WIN - L1 - Audit Other Logon Logoff Events,"This subcategory reports other logon/logoff-related events, such as Remote Desktop Services session disconnects and reconnects, using RunAs to run processes under a different account, and locking and unlocking a workstation. Events for this subcategory include: • 4649: A replay attack was detected. • 4778: A session was reconnected to a Window Station. • 4779: A session was disconnected from a Window Station. • 4800: The workstation was locked. • 4801: The workstation was unlocked. • 4802: The screen saver was invoked. • 4803: The screen saver was dismissed. • 5378: The requested credentials delegation was disallowed by policy. • 5632: A request was made to authenticate to a wireless network. • 5633: A request was made to authenticate to a wired network. The recommended state for this setting is: Success and Failure.",Success and Failure,Moderate,"Full audit logging (Success and Failure) can generate high event volume on busy systems, impacting SIEM ingestion costs. For SMBs without a SIEM, Failure-only auditing is a pragmatic compromise."
CISv4 - WIN - L1 - Audit Security Group Management,"This subcategory reports each event of security group management, such as when a security group is created, changed, or deleted or when a member is added to or removed from a security group. If you enable this Audit policy setting, administrators can track events to detect malicious, accidental, and authorized creation of security group accounts. The recommended state for this setting is to include: Success",to include: Success,Moderate,"Full audit logging (Success and Failure) can generate high event volume on busy systems, impacting SIEM ingestion costs. For SMBs without a SIEM, Failure-only auditing is a pragmatic compromise."
CISv4 - WIN - L1 - Audit Security System Extension,This subcategory reports the loading of extension code such as authentication packages by the security subsystem. Events for this subcategory include: • 4610: An authentication package has been loaded by the Local Security Authority. • 4611: A trusted logon process has been registered with the Local Security Authority. • 4614: A notification package has been loaded by the Security Account Manager. • 4622: A security package has been loaded by the Local Security Authority. • 4697: A service was installed in the system. The recommended state for this setting is to include: Success,to include: Success,Moderate,"Full audit logging (Success and Failure) can generate high event volume on busy systems, impacting SIEM ingestion costs. For SMBs without a SIEM, Failure-only auditing is a pragmatic compromise."
CISv4 - WIN - L1 - Audit Special Logon,This subcategory reports when a special logon is used. A special logon is a logon that has administrator-equivalent privileges and can be used to elevate a process to a higher level. Events for this subcategory include: • 4964: Special groups have been assigned to a new logon. The recommended state for this setting is to include: Success.,to include: Success,Moderate,"Full audit logging (Success and Failure) can generate high event volume on busy systems, impacting SIEM ingestion costs. For SMBs without a SIEM, Failure-only auditing is a pragmatic compromise."
CISv4 - WIN - L1 - Audit User Account Management,"This subcategory reports each event of user account management, such as when a user account is created, changed, or deleted; a user account is renamed, disabled, or enabled; or a password is set or changed. If you enable this Audit policy setting, administrators can track events to detect malicious, accidental, and authorized creation of user accounts. The recommended state for this setting is: Success and Failure.",Success and Failure,Moderate,"Full audit logging (Success and Failure) can generate high event volume on busy systems, impacting SIEM ingestion costs. For SMBs without a SIEM, Failure-only auditing is a pragmatic compromise."
CISv4 - WIN - L1 - Backup Directory,This policy setting configures which directory Windows LAPS will use to back up the local admin account password. The recommended state for this setting is: Backup the password to Azure AD only.,Backup the password to Azure AD only,Simple,"Backup rights should be scoped to the backup service account only. If a third-party backup agent is in use, verify it runs under a dedicated least-privilege account rather than a broad group."
CISv4 - WIN - L1 - Backup Files And Directories,"This policy setting allows users to circumvent file and directory permissions to back up the system. This user right is enabled only when an application (such as NTBACKUP) attempts to access a file or directory through the NTFS file system backup application programming interface (API). Otherwise, the assigned file and directory permissions apply. The recommended state for this setting is: *S-1-5-32-544 (Administrators).",*S-1-5-32-544 (Administrators),Simple,"Backup rights should be scoped to the backup service account only. If a third-party backup agent is in use, verify it runs under a dedicated least-privilege account rather than a broad group."
CISv4 - WIN - L1 - Block Non Admin User Install,This setting manages non-Administrator users' ability to install Windows app packages. The recommended state for this setting is: Allow,Allow,Simple,"Preventing non-admin software installs is a key control for SMBs where users may inadvertently install malware. Only deviate for power users with a documented need and compensating controls (e.g., application allowlisting)."
CISv4 - WIN - L1 - Block Office applications from creating  executable content,"This rule prevents scripts from launching potentially malicious downloaded content. Malware written in JavaScript or VBScript often acts as a downloader to fetch and launch other malware from the Internet. Although not common, line-of-business applications sometimes use scripts to download and launch installers. The recommended state for this setting is: Block.",Block,Simple,"Many SMB users rely on Office macros for internal automation (invoicing, scheduling). Blocking may break critical workflows. Audit first; work with client to migrate to safer alternatives."
CISv4 - WIN - L1 - Block all consumer Microsoft account user  authentication,This setting determines whether applications and services on the device can utilize new consumer Microsoft account authentication via the Windows OnlineID and WebAccountManager APIs. The recommended state for this setting is: Enabled.,Enabled,Simple,Blocking consumer Microsoft account authentication prevents users from signing into business apps with personal accounts. Essential for data governance in SMBs using Microsoft 365. No valid business reason to skip.
CISv4 - WIN - L1 - Block launching Universal Windows apps  with Windows Runtime API access from hosted content,This policy setting controls whether Microsoft Store apps with Windows Runtime API access directly from web content can be launched. The recommended state for this setting is: Enabled.,Enabled,Simple,Blocking UWP apps from hosted content prevents web-based exploits from launching store apps. Low operational impact for most SMBs; only skip if a specific UWP-based LOB app depends on this behaviour.
CISv4 - WIN - L1 - Block user from showing account details  on sign-in,This policy prevents the user from showing account details (email address or user name) on the sign-in screen. The recommended state for this setting is: Enabled,Enabled,Simple,Hiding account details on the sign-in screen prevents username enumeration. No impact on user experience after sign-in; deviation is not recommended.
CISv4 - WIN - L1 - Boot-Start Driver Initialization Policy,"This policy setting allows you to specify which boot-start drivers are initialized based on a classification determined by an Early Launch Antimalware boot-start driver. If you enable this policy setting you will be able to choose which boot-start drivers to initialize the next time the computer is started. If your malware detection application does not include an Early Launch Antimalware boot-start driver or if your Early Launch Antimalware boot-start driver has been disabled, this setting has no effect and all boot-start drivers are initialized. The recommended state for this setting is: Enabled: Good, unknown and bad but critical.","Enabled: Good, unknown and bad but critical",Complex,'boot-start driver initialization policy' is a complex policy with potential dependencies on other services or tools. Engage with the client to map dependencies before enforcing. Use Audit/report-only mode where available; validate then enforce.
CISv4 - WIN - L1 - Change System Time,"This policy setting determines which users and groups can change the time and date on the internal clock of the computers in your environment. Users who are assigned this user right can affect the appearance of event logs. When a computer's time setting ischanged, logged events reflect the new time, not the actual time that the events occurred. The recommended state for this setting is: *S-1-5-32-544 and *S-1-5-19",*S-1-5-32-544 and *S-1-5-19,Simple,"Time sync should be managed centrally (e.g., domain or Intune NTP policy). Restricting manual time changes to LOCAL SERVICE and Administrators is correct for managed SMB endpoints."
CISv4 - WIN - L1 - Config refresh,This policy setting determines whether or not MDM policies are refreshed on the system. The recommended state for this setting is: Enabled.,Enabled,Complex,'config refresh' is a complex policy with potential dependencies on other services or tools. Engage with the client to map dependencies before enforcing. Use Audit/report-only mode where available; validate then enforce.
CISv4 - WIN - L1 - Configure Lsa Protected Process is set to  'Enabled with UEFI Lock...,"This policy setting controls whether the Local Security Authority Subservice Service (LSASS) runs in protected mode and also has the option to lock in protected mode with Unified Extensible Firmware Interface (UEFI). The Local Security Authority (LSA), which includes the LSASS process, validates users for local and remote sign-ins and enforces local security policies. The recommended state for this setting is: Enabled with UEFI lock. LSA will run as protected process and this configuration is UEFI locked",Enabled with UEFI lock,Complex,LSA protection with UEFI lock is the gold standard but can block some AV/EDR drivers on older endpoints. Test in a non-production group first; some agents may need updating before enforcement.
CISv4 - WIN - L1 - Configure Offer Remote Assistance,"This policy setting allows you to turn on or turn off Offer (Unsolicited) Remote Assistance on this computer. Help desk and support personnel will not be able to proactively offer assistance, although they can still respond to user assistance requests. The recommended state for this setting is: Disabled.",Disabled,Moderate,Remote Assistance is rarely used in MSP-managed SMB environments where RMM tools are in place. Disabling is low-risk; only retain if end-users actively use RA for peer-to-peer help sessions.
CISv4 - WIN - L1 - Configure RPC connection settings: Protocol to  use for outgoing RPC connections,,Enabled / On (inferred from payload),Complex,RPC hardening settings are generally safe but can break some older printer or file share workflows. Test on a pilot group before broad deployment.
CISv4 - WIN - L1 - 'Configure RPC connection settings: Use  authentication for outgoing RPC connections,This policy setting controls which protocol and protocol settings to use for outgoing Remote Procedure Call (RPC) connections to a remote print spooler. The recommended state for this setting is: Enabled: Default,Enabled: Default,Complex,RPC hardening settings are generally safe but can break some older printer or file share workflows. Test on a pilot group before broad deployment.
CISv4 - WIN - L1 - Configure RPC listener settings: Authentication  protocol to use for incoming RPC connections,This policy setting controls which protocols incoming Remote Procedure Call (RPC) connections to the print spooler are allowed to use. The recommended state for this setting is: Enabled: Negotiate or higher.,Enabled: Negotiate or higher,Complex,RPC hardening settings are generally safe but can break some older printer or file share workflows. Test on a pilot group before broad deployment.
CISv4 - WIN - L1 - 'Configure RPC listener settings: Protocols to  allow for incoming RPC connections,This policy setting controls which protocols incoming Remote Procedure Call (RPC) connections to the print spooler are allowed to use. The recommended state for this setting is: Enabled: RPC over TCP.,Enabled: RPC over TCP,Complex,RPC hardening settings are generally safe but can break some older printer or file share workflows. Test on a pilot group before broad deployment.
CISv4 - WIN - L1 - Configure RPC over TCP port: RPC over TCP  port,This policy setting controls which port is used for RPC over TCP for incoming connections to the print spooler and outgoing connections to remote print spoolers. The recommended state for this setting is: Enabled: 0.,Enabled: 0,Complex,RPC hardening settings are generally safe but can break some older printer or file share workflows. Test on a pilot group before broad deployment.
CISv4 - WIN - L1 - Configure Redirection Guard: Redirection  Guard Options,This policy setting determines whether Redirection Guard is enabled for the print spooler. Redirection Guard can prevent file redirections from being used within the print spooler. The recommended state for this setting is: Enabled: Redirection Guard Enabled.,Enabled: Redirection Guard Enabled,Complex,'configure redirection guard: redirection  guard options' is a complex policy with potential dependencies on other services or tools. Engage with the client to map dependencies before enforcing. Use Audit/report-only mode where available; validate then enforce.
CISv4 - WIN - L1 - Configure SMB v1 client driver,"This setting configures the start type for the Server Message Block version 1 (SMBv1) client driver service (MRxSmb10), which is recommended to be disabled. The recommended state for this setting is: Enabled: Disable driver (recommended).",Enabled: Disable driver (recommended),Complex,"Disabling SMBv1 is strongly recommended — it is exploited by ransomware (WannaCry, NotPetya). Only deviate if a legacy NAS/device requires it; replace the device instead."
CISv4 - WIN - L1 - Configure SMB v1 server,This setting configures the server-side processing of the Server Message Block version 1 (SMBv1) protocol. The recommended state for this setting is: Disabled.,Disabled,Complex,"Disabling SMBv1 is strongly recommended — it is exploited by ransomware (WannaCry, NotPetya). Only deviate if a legacy NAS/device requires it; replace the device instead."
CISv4 - WIN - L1 - Configure Solicited Remote Assistance,This policy setting allows you to turn on or turn off Solicited (Ask for) Remote Assistance on this computer. The recommended state for this setting is: Disabled.,Disabled,Moderate,Remote Assistance is rarely used in MSP-managed SMB environments where RMM tools are in place. Disabling is low-risk; only retain if end-users actively use RA for peer-to-peer help sessions.
CISv4 - WIN - L1 - Configure System Guard Launch,Secure Launch protects the Virtualization Based Security environment from exploited vulnerabilities in device firmware. The recommended state for this setting is: Unmanaged Enables Secure Launch if supported by hardware.,Unmanaged Enables Secure Launch if supported by hardware,Complex,'configure system guard launch' is a complex policy with potential dependencies on other services or tools. Engage with the client to map dependencies before enforcing. Use Audit/report-only mode where available; validate then enforce.
CISv4 - WIN - L1 - Configure Windows Defender  SmartScreen,This policy setting allows you to manage the behavior of Windows Defender SmartScreen. Windows Defender SmartScreen helps keep PCs safer by warning users before running unrecognized programs downloaded from the Internet. Some information is sent to Microsoft about files and programs run on PCs with this feature enabled. The recommended state for this setting is: Enabled: Warn and prevent bypass.,Enabled: Warn and prevent bypass,Moderate,"Defender settings should match the recommended state in most SMB environments. Only deviate if a third-party AV (e.g., Sophos, CrowdStrike) replaces Defender — confirm AV is active and managed."
CISv4 - WIN - L1 - Configure local setting override for  reporting to Microsoft MAPS,"This policy setting configures a local override for the configuration to join Microsoft Active Protection Service (MAPS), which Microsoft renamed to Windows Defender Antivirus Cloud Protection Service and then Microsoft Defender Antivirus Cloud Protection Service. The recommended state for this setting is: Disabled.",Disabled,Simple,"Defender settings should match the recommended state in most SMB environments. Only deviate if a third-party AV (e.g., Sophos, CrowdStrike) replaces Defender — confirm AV is active and managed."
CISv4 - WIN - L1 - Continue experiences on this device,This policy setting determines whether the Windows device is allowed to participate in cross-device experiences (continue experiences). The recommended state for this setting is: Disabled,Disabled,Simple,Cross-device continuity features (phone-to-PC handoff) are a consumer feature rarely needed in SMB. Disabling reduces data exposure with no business productivity loss.
CISv4 - WIN - L1 - Create Global Objects,"This policy setting determines whether users can create global objects that are available to all sessions. Users can still create objects that are specific to their own session if they do not have this user right. Users who can create global objects could affect processes that run under other users' sessions. This capability could lead to a variety of problems, such as application failure or data corruption. The recommended state for this setting is: *S-1-5-32-544, *S-1-5-19, *S-1-5-20 and *S-1-5-6 (Administrators, LOCAL SERVICE, NETWORK SERVICE, SERVICE).","*S-1-5-32-544, *S-1-5-19, *S-1-5-20 and *S-1-5-6 (Administrators, LOCAL SERVICE, NETWORK SERVICE, SERVICE)",Simple,This right is needed by some RMM agents and session management services. Verify whether your RMM or monitoring platform requires it before removing; check vendor documentation.
CISv4 - WIN - L1 - Create Page File,"This policy setting allows users to change the size of the pagefile. By making the pagefile extremely large or extremely small, an attacker could easily affect the performance of a compromised computer. The recommended state for this setting is: *S-1-5-32-544 (Administrators).",*S-1-5-32-544 (Administrators),Simple,These are low-use rights that should stay restricted to Administrators. Deviation is rarely needed; only grant if a specific documented service dependency requires it.
CISv4 - WIN - L1 - Create Permanent Shared Objects,"This user right is useful to kernel-mode components that extend the object namespace. However, components that run in kernel mode have this user right inherently. Therefore, it is typically not necessary to specifically assign this user right.",No One / Empty,Simple,These are low-use rights that should stay restricted to Administrators. Deviation is rarely needed; only grant if a specific documented service dependency requires it.
CISv4 - WIN - L1 - Create Symbolic Links,The recommended state for this setting is: *S-1-5-32-544 (Administrators) and (when the Hyper-V feature is installed) *S-1-5-83-0 (NT VIRTUAL MACHINE\Virtual Machines).,*S-1-5-32-544 (Administrators) and (when the Hyper-V feature is installed) *S-1-5-83-0 (NT VIRTUAL MACHINE\Virtual Machines),Simple,These are low-use rights that should stay restricted to Administrators. Deviation is rarely needed; only grant if a specific documented service dependency requires it.
CISv4 - WIN - L1 - Create Token,"This policy setting allows a process to create an access token, which may provide elevated rights to access sensitive data.",No One / Empty,Simple,"'create token' is a low-complexity, single-value setting with minimal operational impact. Apply the recommended state; deviation requires a specific documented business or technical exception."
CISv4 - WIN - L1 - Credential Guard,"This setting lets users turn on Credential Guard with virtualization-based security to help protect credentials. The ""Enabled with UEFI lock"" option ensures that Credential Guard cannot be disabled remotely. In order to disable the feature, you must set the Group Policy to ""Disabled"" as well as remove the security functionality from each computer, with a physically present user, in order to clear configuration persisted in UEFI. The recommended state for this setting is: Enabled with UEFI lock.",Enabled with UEFI lock,Simple,"'credential guard' is a low-complexity, single-value setting with minimal operational impact. Apply the recommended state; deviation requires a specific documented business or technical exception."
CISv4 - WIN - L1 - DO Download Mode,"This policy setting specifies the download method that Delivery Optimization can use in downloads of Windows Updates, Apps and App updates. The recommended state for this setting is any value EXCEPT: Enabled: Internet (3)",any value EXCEPT: Enabled: Internet (3),Simple,"'do download mode' is a low-complexity, single-value setting with minimal operational impact. Apply the recommended state; deviation requires a specific documented business or technical exception."
CISv4 - WIN - L1 - Days Until Aggressive Catchup Quick Scan,This policy setting configures the number of days after the last scan (of any type) before an aggressive Quick Scan is automatically triggered. The recommended state for this setting is: 7 days or fewer.,7 days or fewer,Simple,"'days until aggressive catchup quick scan' is a low-complexity, single-value setting with minimal operational impact. Apply the recommended state; deviation requires a specific documented business or technical exception."
CISv4 - WIN - L1 - Debug Programs,"This policy setting determines which user accounts will have the right to attach a debugger to any process or to the kernel, which provides complete access to sensitive and critical operating system components. Developers who are debugging their own applications do not need to be assigned this user right; however, developers who are debugging new system components will need it. The recommended state for this setting is: *S-1-5-32-544 (Administrators).",*S-1-5-32-544 (Administrators),Simple,"'debug programs' is a low-complexity, single-value setting with minimal operational impact. Apply the recommended state; deviation requires a specific documented business or technical exception."
CISv4 - WIN - L1 - Defer Feature Updates Period in Days,This policy setting determines when Preview Build or Feature Updates are received.,180 (configured value),Simple,"'defer feature updates period in days' is a low-complexity, single-value setting with minimal operational impact. Apply the recommended state; deviation requires a specific documented business or technical exception."
CISv4 - WIN - L1 - Defer Quality Updates Period (Days),This policy settings controls when Quality Updates are received. The recommended state for this setting is: Enabled: 0 days.,Enabled: 0 days,Simple,"'defer quality updates period (days)' is a low-complexity, single-value setting with minimal operational impact. Apply the recommended state; deviation requires a specific documented business or technical exception."
CISv4 - WIN - L1 - Deny Access From Network,"The recommended state for this setting is to include: *S-1-5-32-546 and *S-1-5-113(Guests, Local account).","to include: *S-1-5-32-546 and *S-1-5-113(Guests, Local account)",Simple,Restricting network logon rights to Administrators and Remote Desktop Users is correct for most SMBs. Deviating would only be needed if a specific service account or legacy app requires broader network access — document the exception and scope it tightly.
CISv4 - WIN - L1 - Deny Local Log On,The recommended state for this setting is to include: *S-1-5-32-546 (Guests).,to include: *S-1-5-32-546 (Guests),Simple,"'deny local log on' is a low-complexity, single-value setting with minimal operational impact. Apply the recommended state; deviation requires a specific documented business or technical exception."
CISv4 - WIN - L1 - Deny Log On As Batch Job,The recommended state for this setting is to include: *S-1-5-32-546 (Guests).,to include: *S-1-5-32-546 (Guests),Simple,"'deny log on as batch job' is a low-complexity, single-value setting with minimal operational impact. Apply the recommended state; deviation requires a specific documented business or technical exception."
CISv4 - WIN - L1 - Deny Log On As Service Job,The recommended state for this setting is to include: *S-1-5-32-546 (Guests,to include: *S-1-5-32-546 (Guests,Simple,"'deny log on as service job' is a low-complexity, single-value setting with minimal operational impact. Apply the recommended state; deviation requires a specific documented business or technical exception."
CISv4 - WIN - L1 - Deny Remote Desktop Services Log On,"The recommended state for this setting is to include: *S-1-5-32-546 and *S-1-5-113 (Guests, Local account)","to include: *S-1-5-32-546 and *S-1-5-113 (Guests, Local account)",Simple,Clipboard redirection is commonly needed in RDS/remote work scenarios. Blocking may frustrate users who copy/paste between local and remote sessions. Evaluate whether dedicated VDI/RDS use justifies the risk.
CISv4 - WIN - L1 - Detailed Tracking Audit PNP Activity,This policy setting allows you to audit when plug and play detects an external device. The recommended state for this setting is to include: Success.,to include: Success,Moderate,"Full audit logging (Success and Failure) can generate high event volume on busy systems, impacting SIEM ingestion costs. For SMBs without a SIEM, Failure-only auditing is a pragmatic compromise."
CISv4 - WIN - L1 - Detailed Tracking Audit Process Creation,This subcategory reports the creation of a process and the name of the program or user that created it. Events for this subcategory include: • 4688: A new process has been created. • 4696: A primary token was assigned to process. The recommended state for this setting is to include: Success.,to include: Success,Moderate,"Full audit logging (Success and Failure) can generate high event volume on busy systems, impacting SIEM ingestion costs. For SMBs without a SIEM, Failure-only auditing is a pragmatic compromise."
CISv4 - WIN - L1 - Disable Consumer Account State Content,This policy setting determines whether cloud consumer account state content is allowed in all Windows experiences. The recommended state for this setting is: Enabled.,Enabled,Simple,"'disable consumer account state content' is a low-complexity, single-value setting with minimal operational impact. Apply the recommended state; deviation requires a specific documented business or technical exception."
CISv4 - WIN - L1 - Disallow Autoplay for non-volume devices,This policy setting disallows AutoPlay for MTP devices like cameras or phones. The recommended state for this setting is: Enabled.,Enabled,Simple,"'disallow autoplay for non-volume devices' is a low-complexity, single-value setting with minimal operational impact. Apply the recommended state; deviation requires a specific documented business or technical exception."
CISv4 - WIN - L1 - Disallow Digest authentication WinRM Client,This policy setting allows you to manage whether the Windows Remote Management (WinRM) client will not use Digest authentication. The recommended state for this setting is: Enabled.,Enabled,Moderate,"Disabling basic/unencrypted WinRM is critical — however, some RMM tools or legacy scripts may depend on it. Audit WinRM usage before enforcing; migrate to HTTPS/Kerberos-based WinRM."
CISv4 - WIN - L1 - Disallow Exploit Protection Override,This policy setting prevent users from making changes to the Exploit protection settings area in the Windows Security settings. The recommended state for this setting is: (Enable).,(Enable),Simple,"'disallow exploit protection override' is a low-complexity, single-value setting with minimal operational impact. Apply the recommended state; deviation requires a specific documented business or technical exception."
CISv4 - WIN - L1 - Disallow WinRM from storing RunAs  credentials WinRM Service,This policy setting allows you to manage whether the Windows Remote Management (WinRM) service will allow RunAs credentials to be stored for any plug-ins. The recommended state for this setting is: Enabled.,Enabled,Moderate,"Disabling basic/unencrypted WinRM is critical — however, some RMM tools or legacy scripts may depend on it. Audit WinRM usage before enforcing; migrate to HTTPS/Kerberos-based WinRM."
CISv4 - WIN - L1 - Do not allow drive redirection,This policy setting prevents users from sharing the local drives on their client computers to Remote Desktop Servers that they access. Mapped drives appear in the session folder tree in Windows Explorer in the following format: \\TSClient\<driveletter>$ If local drives are shared they are left vulnerable to intruders who want to exploit the data that is stored on them. The recommended state for this setting is: Enabled.,Enabled,Simple,"'do not allow drive redirection' is a low-complexity, single-value setting with minimal operational impact. Apply the recommended state; deviation requires a specific documented business or technical exception."
CISv4 - WIN - L1 - Do not allow passwords to be saved,This policy setting helps prevent Remote Desktop clients from saving passwords on a computer. The recommended state for this setting is: Enabled.,Enabled,Simple,"'do not allow passwords to be saved' is a low-complexity, single-value setting with minimal operational impact. Apply the recommended state; deviation requires a specific documented business or technical exception."
CISv4 - WIN - L1 - Do not delete temp folders upon exit,This policy setting specifies whether Remote Desktop Services retains a user's per session temporary folders at logoff. The recommended state for this setting is: Disabled.,Disabled,Simple,"'do not delete temp folders upon exit' is a low-complexity, single-value setting with minimal operational impact. Apply the recommended state; deviation requires a specific documented business or technical exception."
CISv4 - WIN - L1 - Do not display network selection UI,This policy setting allows you to control whether anyone can interact with available networks UI on the logon screen. The recommended state for this setting is: Enabled.,Enabled,Simple,"'do not display network selection ui' is a low-complexity, single-value setting with minimal operational impact. Apply the recommended state; deviation requires a specific documented business or technical exception."
CISv4 - WIN - L1 - Do not display the password reveal button,This policy setting allows you to configure the display of the password reveal button in password entry user experiences. The recommended state for this setting is: Enabled.,Enabled,Simple,"'do not display the password reveal button' is a low-complexity, single-value setting with minimal operational impact. Apply the recommended state; deviation requires a specific documented business or technical exception."
CISv4 - WIN - L1 - Do not enumerate connected users on  domain-joined computers,This policy setting prevents connected users from being enumerated on domain-joined computers. The recommended state for this setting is: Enabled.,Enabled,Simple,"'do not enumerate connected users on  domain-joined computers' is a low-complexity, single-value setting with minimal operational impact. Apply the recommended state; deviation requires a specific documented business or technical exception."
CISv4 - WIN - L1 - Do not preserve zone information in file  attachments (User),"This policy setting allows you to manage whether Windows marks file attachments with information about their zone of origin (such as restricted, Internet, intranet, local). This requires NTFS in order to function correctly, and will fail without notice on FAT32. By not preserving the zone information, Windows cannot make proper risk assessments. The recommended state for this setting is: Disabled",Disabled,Simple,"'do not preserve zone information in file  attachments (user)' is a low-complexity, single-value setting with minimal operational impact. Apply the recommended state; deviation requires a specific documented business or technical exception."
CISv4 - WIN - L1 - Enable App Installer Experimental  Features,This policy setting controls whether users can enable experimental features in the Windows Package Manager. The recommended state for this setting is Disabled.,Disabled,Simple,"'enable app installer experimental  features' is a low-complexity, single-value setting with minimal operational impact. Apply the recommended state; deviation requires a specific documented business or technical exception."
CISv4 - WIN - L1 - Enable App Installer Hash Override,This policy setting controls whether or not users can override the SHA256 security validation in the Windows Package Manager settings. The recommended state for this setting is: Disabled,Disabled,Simple,"'enable app installer hash override' is a low-complexity, single-value setting with minimal operational impact. Apply the recommended state; deviation requires a specific documented business or technical exception."
CISv4 - WIN - L1 - Enable App Installer ms-appinstaller  protocol,This policy setting controls whether users can install packages from a website that is using the ms-appinstaller protocol. The ms-appinstaller protocol allows users to install an application by clicking a link on a website. The recommended state for this setting is: Disabled.,Disabled,Simple,"'enable app installer ms-appinstaller  protocol' is a low-complexity, single-value setting with minimal operational impact. Apply the recommended state; deviation requires a specific documented business or technical exception."
CISv4 - WIN - L1 - Enable Delegation,This policy setting allows users to change the Trusted for Delegation setting on a computer object in Active Directory. Abuse of this privilege could allow unauthorized users to impersonate other users on the network,No One / Empty,Simple,"'enable delegation' is a low-complexity, single-value setting with minimal operational impact. Apply the recommended state; deviation requires a specific documented business or technical exception."
CISv4 - WIN - L1 - Enable ESS with Supported Peripherals,"The recommended state for this setting is: ESS will be enabled on systems with capable software and hardware, following the existing default behavior in Windows. Authentication operations of any peripheral biometric device will be blocked and not available for Windows Hello. (default and recommended for highest security)..","ESS will be enabled on systems with capable software and hardware, following the existing default behavior in Windows",Simple,"'enable ess with supported peripherals' is a low-complexity, single-value setting with minimal operational impact. Apply the recommended state; deviation requires a specific documented business or technical exception."
CISv4 - WIN - L1 - Enable MPR notifications for the system,This policy setting controls whether winlogon sends Multiple Provider Router (MPR) notifications. MPR handles communication between the Windows operating system and the installed network providers. MPR checks the registry to determine which providers are installed on the system and the order they are cycled through. The recommended state for this setting is: Disabled.,Disabled,Simple,"'enable mpr notifications for the system' is a low-complexity, single-value setting with minimal operational impact. Apply the recommended state; deviation requires a specific documented business or technical exception."
CISv4 - WIN - L1 - Enable Network Protection,This policy setting controls Microsoft Defender Exploit Guard network protection.The recommended state for this setting is: Enabled (block mode).,Enabled (block mode),Simple,"'enable network protection' is a low-complexity, single-value setting with minimal operational impact. Apply the recommended state; deviation requires a specific documented business or technical exception."
CISv4 - WIN - L1 - Enable OneSettings Auditing,This policy setting controls whether Windows records attempts to connect with the OneSettings service to the Event Log. The recommended state for this setting is: Enabled.,Enabled,Moderate,Audit policies are low-risk to enable and strongly recommended for incident response. Only skip if event log storage or SIEM capacity is a documented constraint.
CISv4 - WIN - L1 - Enable RPC Endpoint Mapper Client  Authentication,"This policy setting controls whether RPC clients authenticate with the Endpoint Mapper Service when the call they are making contains authentication information. The Endpoint Mapper Service on computers running Windows NT4 (all service packs) cannot process authentication information supplied in this manner. This policy setting can cause a specific issue with 1-way forest trusts if it is applied to the trusting domain DCs (see Microsoft KB3073942), so we do not recommend applying it to Domain Controllers.Note: This policy will not in effect until the system is rebooted. The recommended state for this setting is: Enabled.",Enabled,Complex,RPC hardening settings are generally safe but can break some older printer or file share workflows. Test on a pilot group before broad deployment.
CISv4 - WIN - L1 - Enable Structured Exception Handling  Overwrite Protection (SEHOP),Windows includes support for Structured Exception Handling Overwrite Protection (SEHOP). We recommend enabling this feature to improve the security profile of the computer. The recommended state for this setting is: Enabled.,Enabled,Simple,"'enable structured exception handling  overwrite protection (sehop)' is a low-complexity, single-value setting with minimal operational impact. Apply the recommended state; deviation requires a specific documented business or technical exception."
CISv4 - WIN - L1 - Enable Sudo,This policy setting configures the use of the sudo.exe command line tool. The sudo feature in Windows allows users to run elevated commands (as an administrator) directly from an unelevated console session. The recommended state for this setting is: Sudo is disabled.,Sudo is disabled,Simple,"'enable sudo' is a low-complexity, single-value setting with minimal operational impact. Apply the recommended state; deviation requires a specific documented business or technical exception."
CISv4 - WIN - L1 - Enable Virtualization Based Security,This policy setting specifies whether Virtualization Based Security is enabled. Virtualization Based Security uses the Windows Hypervisor to provide support for security services. The recommended state for this setting is: Enable virtualization based security.,Enable virtualization based security,Simple,"'enable virtualization based security' is a low-complexity, single-value setting with minimal operational impact. Apply the recommended state; deviation requires a specific documented business or technical exception."
CISv4 - WIN - L1 - Enable Windows NTP Client,This policy setting specifies whether the Windows NTP Client is enabled. Enabling the Windows NTP Client allows synchronization from a systems computer clock to NTP server(s). The recommended state for this setting is: Enabled.,Enabled,Simple,"'enable windows ntp client' is a low-complexity, single-value setting with minimal operational impact. Apply the recommended state; deviation requires a specific documented business or technical exception."
CISv4 - WIN - L1 - Enable Windows NTP Server,This policy setting specifies whether the Windows NTP Server is enabled. Disabling this setting prevents the system from acting as a NTP Server (time source) to service NTP requests from other systems (NTP Clients). The recommended state for this setting is: Disabled.,Disabled,Simple,"'enable windows ntp server' is a low-complexity, single-value setting with minimal operational impact. Apply the recommended state; deviation requires a specific documented business or technical exception."
CISv4 - WIN - L1 - Enable insecure guest logons,This policy setting determines if the SMB client will allow insecure guest logons to an SMB server. The recommended state for this setting is: Disabled.,Disabled,Simple,"'enable insecure guest logons' is a low-complexity, single-value setting with minimal operational impact. Apply the recommended state; deviation requires a specific documented business or technical exception."
CISv4 - WIN - L1 - Encryption Oracle Remediation,Some versions of the CredSSP protocol that is used by some applications (such as Remote Desktop Connection) are vulnerable to an encryption oracle attack against the client. This policy controls compatibility with vulnerable clients and servers and allows you to set the level of protection desired for the encryption oracle vulnerability. The recommended state for this setting is: Enabled: Force Updated Clients,Enabled: Force Updated Clients,Simple,"'encryption oracle remediation' is a low-complexity, single-value setting with minimal operational impact. Apply the recommended state; deviation requires a specific documented business or technical exception."
CISv4 - WIN - L1 - Enumerate administrator accounts on  elevation,This policy setting controls whether administrator accounts are displayed when a user attempts to elevate a running application. The recommended state for this setting is: Disabled.,Disabled,Simple,Prompting admins for credentials (not just consent) is the most secure option but adds friction for IT staff performing frequent admin tasks on SMB endpoints. Consent prompt is an acceptable middle ground.
CISv4 - WIN - L1 - Enumerate local users on domain-joined  computers,This policy setting allows local users to be enumerated on domain-joined computers. The recommended state for this setting is: Disabled.,Disabled,Simple,"'enumerate local users on domain-joined  computers' is a low-complexity, single-value setting with minimal operational impact. Apply the recommended state; deviation requires a specific documented business or technical exception."
CISv4 - WIN - L1 - Facial Features Use Enhanced Anti Spoofing,This policy setting determines whether enhanced anti-spoofing is configured for devices which support it. The recommended state for this setting is: true.,true,Simple,"'facial features use enhanced anti spoofing' is a low-complexity, single-value setting with minimal operational impact. Apply the recommended state; deviation requires a specific documented business or technical exception."
CISv4 - WIN - L1 - Generate Security Audits,"The recommended state for this setting is: *S-1-5-19 and *S-1-5-20 (LOCAL SERVICE, NETWORK SERVICE).","*S-1-5-19 and *S-1-5-20 (LOCAL SERVICE, NETWORK SERVICE)",Moderate,Audit policies are low-risk to enable and strongly recommended for incident response. Only skip if event log storage or SIEM capacity is a documented constraint.
CISv4 - WIN - L1 - Hardened UNC Paths,"This policy setting configures secure access to UNC paths. The recommended state for this setting is: Enabled, with ""Require Mutual Authentication"", ""Require Integrity"", and “Require Privacy” set for all NETLOGON and SYSVOL shares. Note: If the environment is 100% managed by Intune these shares will not be available. An exception to this recommendation will be needed.","Enabled, with ""Require Mutual Authentication"", ""Require Integrity"", and “Require Privacy” set for all NETLOGON and SYSVOL shares",Simple,"'hardened unc paths' is a low-complexity, single-value setting with minimal operational impact. Apply the recommended state; deviation requires a specific documented business or technical exception."
CISv4 - WIN - L1 - Hide Exclusions From Local Users,"This policy setting controls whether Microsoft Defender Antivirus exclusions are visible to local users on the system. The recommended state for this setting is: If you enable this setting, local users will no longer be able to see the exclusion list in Windows Security App or via PowerShell..","If you enable this setting, local users will no longer be able to see the exclusion list in Windows Security App or via PowerShell",Simple,"'hide exclusions from local users' is a low-complexity, single-value setting with minimal operational impact. Apply the recommended state; deviation requires a specific documented business or technical exception."
CISv4 - WIN - L1 - Hypervisor Enforced Code Integrity,The recommended state for this setting is: Enabled with UEFI lock.,Enabled with UEFI lock,Simple,"'hypervisor enforced code integrity' is a low-complexity, single-value setting with minimal operational impact. Apply the recommended state; deviation requires a specific documented business or technical exception."
CISv4 - WIN - L1 - Impersonate Client,"The recommended state for this setting is: *S-1-5-32-544, *S-1-5-19, *S-1-5-20 and *S-1-5-6 (Administrators, LOCAL SERVICE, NETWORK SERVICE, SERVICE).","*S-1-5-32-544, *S-1-5-19, *S-1-5-20 and *S-1-5-6 (Administrators, LOCAL SERVICE, NETWORK SERVICE, SERVICE)",Simple,"'impersonate client' is a low-complexity, single-value setting with minimal operational impact. Apply the recommended state; deviation requires a specific documented business or technical exception."
CISv4 - WIN - L1 - Include command line in process creation  events,This policy setting controls whether the process creation command line text is logged in security audit events when a new process has been created. The recommended state for this setting is: Enabled.,Enabled,Simple,"'include command line in process creation  events' is a low-complexity, single-value setting with minimal operational impact. Apply the recommended state; deviation requires a specific documented business or technical exception."
CISv4 - WIN - L1 - Increase Scheduling Priority,"The recommended state for this setting is: *S-1-5-32-544 and *S-1-5-90-0 (Administrators, Window Manager\Window Manager Group).","*S-1-5-32-544 and *S-1-5-90-0 (Administrators, Window Manager\Window Manager Group)",Simple,"'increase scheduling priority' is a low-complexity, single-value setting with minimal operational impact. Apply the recommended state; deviation requires a specific documented business or technical exception."
CISv4 - WIN - L1 - Interactive logon: Do not display last signed-in,This policy setting determines whether the account name of the last user to log on to the client computers in your organization will be displayed in each computer's respective Windows logon screen. Enable this policy setting to prevent intruders from collecting account names visually from the screens of desktop or laptop computers in your organization. The recommended state for this setting is: Enabled,Enabled,Simple,"'interactive logon: do not display last signed-in' is a low-complexity, single-value setting with minimal operational impact. Apply the recommended state; deviation requires a specific documented business or technical exception."
CISv4 - WIN - L1 - Interactive logon: Do not require  CTRL+ALT+DEL,This policy setting determines whether users must press CTRL+ALT+DEL before they log on. The recommended state for this setting is: Disabled.,Disabled,Simple,"'interactive logon: do not require  ctrl+alt+del' is a low-complexity, single-value setting with minimal operational impact. Apply the recommended state; deviation requires a specific documented business or technical exception."
CISv4 - WIN - L1 - Interactive logon: Machine inactivity limit,"Windows notices inactivity of a logon session, and if the amount of inactive time exceeds the inactivity limit, then the screen saver will run, locking the session. The recommended state for this setting is: 900 or fewer second(s), but not 0","900 or fewer second(s), but not 0",Simple,"'interactive logon: machine inactivity limit' is a low-complexity, single-value setting with minimal operational impact. Apply the recommended state; deviation requires a specific documented business or technical exception."
CISv4 - WIN - L1 - Interactive logon: Message text for users  attempting to log on,This policy setting specifies a text message that displays to users when they log on. Set the following group policy to a value that is consistent with the security and operational requirements of your organization.,Configure logon banner text (org-specific),Simple,"'interactive logon: message text for users  attempting to log on' is a low-complexity, single-value setting with minimal operational impact. Apply the recommended state; deviation requires a specific documented business or technical exception."
CISv4 - WIN - L1 - Interactive logon: Message title for users  attempting to log on,This policy setting specifies the text displayed in the title bar of the window that users see when they log on to the system. Configure this setting in a manner that is consistent with the security and operational requirements of your organization,<YOURTITLE> (configured value),Simple,"'interactive logon: message title for users  attempting to log on' is a low-complexity, single-value setting with minimal operational impact. Apply the recommended state; deviation requires a specific documented business or technical exception."
CISv4 - WIN - L1 - Interactive logon: Smart card removal  behavior,This policy setting determines what happens when the smart card for a logged-on user is removed from the smart card reader. The recommended state for this setting is: Lock Workstation. Configuring this setting to Force Logoff or Disconnect if a Remote Desktop Services session also conforms to the benchmark.,Lock Workstation,Simple,"'interactive logon: smart card removal  behavior' is a low-complexity, single-value setting with minimal operational impact. Apply the recommended state; deviation requires a specific documented business or technical exception."
CISv4 - WIN - L1 - Let Apps Activate With Voice Above Lock,This policy setting specifies whether Windows apps can be activated by voice (apps and Cortana) while the system is locked. The recommended state for this setting is: Enabled: Force Deny.,Enabled: Force Deny,Simple,"'let apps activate with voice above lock' is a low-complexity, single-value setting with minimal operational impact. Apply the recommended state; deviation requires a specific documented business or technical exception."
CISv4 - WIN - L1 - Limit Diagnostic Log Collection,This policy setting controls whether additional diagnostic logs are collected when more information is needed to troubleshoot a problem on the device. The recommended state for this setting is: Enabled,Enabled,Simple,"'limit diagnostic log collection' is a low-complexity, single-value setting with minimal operational impact. Apply the recommended state; deviation requires a specific documented business or technical exception."
CISv4 - WIN - L1 - Limit Dump Collection,This policy setting limits the type of memory dumps that can be collected when more information is needed to troubleshoot a problem. The recommended state for this setting is: Enabled.,Enabled,Simple,"'limit dump collection' is a low-complexity, single-value setting with minimal operational impact. Apply the recommended state; deviation requires a specific documented business or technical exception."
CISv4 - WIN - L1 - Limits print driver installation to Administrators,This policy setting controls whether users who aren't Administrators can install print drivers on the system. The recommended state for this setting is: Enabled.,Enabled,Simple,"'limits print driver installation to administrators' is a low-complexity, single-value setting with minimal operational impact. Apply the recommended state; deviation requires a specific documented business or technical exception."
CISv4 - WIN - L1 - Load Unload Device Drivers,The recommended state for this setting is: *S-1-5-32-544 (Administrators).,*S-1-5-32-544 (Administrators),Simple,"'load unload device drivers' is a low-complexity, single-value setting with minimal operational impact. Apply the recommended state; deviation requires a specific documented business or technical exception."
CISv4 - WIN - L1 - Lock Memory,"This policy setting allows a process to keep data in physical memory, which prevents the system from paging the data to virtual memory on disk. If this user right is assigned, significant degradation of system performance can occur.",No One / Empty,Simple,"'lock memory' is a low-complexity, single-value setting with minimal operational impact. Apply the recommended state; deviation requires a specific documented business or technical exception."
CISv4 - WIN - L1 - MSI Allow user control over installs,"This setting controls whether users are permitted to change installation options that typically are available only to system administrators. The security features of Windows Installer normally prevent users from changing installation options that are typically reserved for system administrators, such as specifying the directory to which files are installed. If Windows Installer detects that an installation package has permitted the user to change a protected option, it stops the installation and displays a message. These security features operate only when the installation program is running in a privileged security context in which it has access to directories denied to the user. The recommended state for this setting is: Disabled.",Disabled,Simple,"'msi allow user control over installs' is a low-complexity, single-value setting with minimal operational impact. Apply the recommended state; deviation requires a specific documented business or technical exception."
CISv4 - WIN - L1 - MSI Always install with elevated privileges  (User),This setting controls whether or not Windows Installer should use system permissions when it installs any program on the system. The recommended state for this setting is: Disabled,Disabled,Simple,"'msi always install with elevated privileges  (user)' is a low-complexity, single-value setting with minimal operational impact. Apply the recommended state; deviation requires a specific documented business or technical exception."
CISv4 - WIN - L1 - MSI Always install with elevated privileges,This setting controls whether or not Windows Installer should use system permissions when it installs any program on the system. The recommended state for this setting is: Disabled.,Disabled,Simple,"'msi always install with elevated privileges' is a low-complexity, single-value setting with minimal operational impact. Apply the recommended state; deviation requires a specific documented business or technical exception."
CISv4 - WIN - L1 - MSS: (AutoAdminLogon) Enable Automatic  Logon (not recommended),"This setting is separate from the Welcome screen feature in Windows XP and Windows Vista; if that feature is disabled, this setting is not disabled. If you configure a computer for automatic logon, anyone who can physically gain access to the computer can also gain access to everything that is on the computer, including any network or networks to which the computer is connected. Also, if you enable automatic logon, the password is stored in the registry in plaintext, and the specific registry key that stores this value is remotely readable by the Authenticated Users group. The recommended state for this setting is: Disabled.",Disabled,Simple,"'mss: (autoadminlogon) enable automatic  logon (not recommended)' is a low-complexity, single-value setting with minimal operational impact. Apply the recommended state; deviation requires a specific documented business or technical exception."
CISv4 - WIN - L1 - MSS: (DisableIPSourceRouting IPv6) IP  source routing protection level (protects against packet spoofing),"IP source routing is a mechanism that allows the sender to determine the IP route that a datagram should follow through the network. The recommended state for this setting is: Enabled: Highest protection, source routing is completely disabled.","Enabled: Highest protection, source routing is completely disabled",Simple,"'mss: (disableipsourcerouting ipv6) ip  source routing protection level (protects against packet spoofing)' is a low-complexity, single-value setting with minimal operational impact. Apply the recommended state; deviation requires a specific documented business or technical exception."
CISv4 - WIN - L1 - 'MSS: (DisableIPSourceRouting) IP source  routing protection level (protects against packet spoofing),"IP source routing is a mechanism that allows the sender to determine the IP route that a datagram should take through the network. It is recommended to configure this setting to Not Defined for enterprise environments and to Highest Protection for high security environments to completely disable source routing. The recommended state for this setting is: Enabled: Highest protection, source routing is completely disabled.","Enabled: Highest protection, source routing is completely disabled",Simple,"''mss: (disableipsourcerouting) ip source  routing protection level (protects against packet spoofing)' is a low-complexity, single-value setting with minimal operational impact. Apply the recommended state; deviation requires a specific documented business or technical exception."
CISv4 - WIN - L1 - MSS: (EnableICMPRedirect) Allow ICMP  redirects to override OSPF generated routes,Internet Control Message Protocol (ICMP) redirects cause the IPv4 stack to plumb host routes. These routes override the Open Shortest Path First (OSPF) generated routes. The recommended state for this setting is: Disabled.,Disabled,Simple,"'mss: (enableicmpredirect) allow icmp  redirects to override ospf generated routes' is a low-complexity, single-value setting with minimal operational impact. Apply the recommended state; deviation requires a specific documented business or technical exception."
CISv4 - WIN - L1 - MSS: (NoNameReleaseOnDemand) Allow the  computer to ignore NetBIOS name release requests except from  WINS servers,NetBIOS over TCP/IP is a network protocol that among other things provides a way to easily resolve NetBIOS names that are registered on Windows-based systems to the IP addresses that are configured on those systems. This setting determines whether the computer releases its NetBIOS name when it receives a name-release request. The recommended state for this setting is: Enabled.,Enabled,Simple,"'mss: (nonamereleaseondemand) allow the  computer to ignore netbios name release requests except from  wins servers' is a low-complexity, single-value setting with minimal operational impact. Apply the recommended state; deviation requires a specific documented business or technical exception."
CISv4 - WIN - L1 - MSS: (SafeDllSearchMode) Enable Safe DLL  search mode (recommended),"The DLL search order can be configured to search for DLLs that are requested by running processes in one of two ways: • Search folders specified in the system path first, and then search the current working folder. • Search current working folder first, and then search the folders specified in the system path. When enabled, the registry value is set to 1. With a setting of 1, the system first searches the folders that are specified in the system path and then searches the current working folder. When disabled the registry value is set to 0 and the system first searches the current working folder and then searches the folders that are specified in the system path. Applications will be forced to search for DLLs in the system path first. For applications that require unique versions of these DLLs that are included with the application, this entry could cause performance or stability problems. The recommended state for this setting is: Enabled.",Enabled,Simple,"'mss: (safedllsearchmode) enable safe dll  search mode (recommended)' is a low-complexity, single-value setting with minimal operational impact. Apply the recommended state; deviation requires a specific documented business or technical exception."
CISv4 - WIN - L1 - MSS: (ScreenSaverGracePeriod) The time in  seconds before the screen saver grace period expires (0  recommended),Windows includes a grace period between when the screen saver is launched and when the console is actually locked automatically when screen saver locking is enabled. The recommended state for this setting is: Enabled: 5 or fewer seconds.,Enabled: 5 or fewer seconds,Simple,"'mss: (screensavergraceperiod) the time in  seconds before the screen saver grace period expires (0  recommended)' is a low-complexity, single-value setting with minimal operational impact. Apply the recommended state; deviation requires a specific documented business or technical exception."
CISv4 - WIN - L1 - MSS: (WarningLevel) Percentage threshold  for the security event log at which the system will generate a  warning,This setting can generate a security audit in the Security event log when the log reaches a user-defined threshold. The recommended state for this setting is: Enabled: 90% or less.,Enabled: 90% or less,Moderate,Audit policies are low-risk to enable and strongly recommended for incident response. Only skip if event log storage or SIEM capacity is a documented constraint.
CISv4 - WIN - L1 - Manage Volume,The recommended state for this setting is: *S-1-5-32-544 (Administrators).,*S-1-5-32-544 (Administrators),Simple,"'manage volume' is a low-complexity, single-value setting with minimal operational impact. Apply the recommended state; deviation requires a specific documented business or technical exception."
CISv4 - WIN - L1 - Manage auditing and security log,The recommended state for this setting is: *S-1-5-32-544 (Administrators),*S-1-5-32-544 (Administrators),Moderate,Audit policies are low-risk to enable and strongly recommended for incident response. Only skip if event log storage or SIEM capacity is a documented constraint.
CISv4 - WIN - L1 - Manage preview builds,This policy setting manages which updates that are received prior to the update being released The recommended state for this setting is: Disable Preview builds.,Disable Preview builds,Simple,"'manage preview builds' is a low-complexity, single-value setting with minimal operational impact. Apply the recommended state; deviation requires a specific documented business or technical exception."
CISv4 - WIN - L1 - Manage processing of Queue-specific files:  Manage processing of Queue-Specific files,"This policy setting manages how queue-specific files are processed during printer installation. At printer installation time, a vendor-supplied installation application can specify a set of files, of any type, to be associated with a particular print queue. The files are downloaded to each client that connects to the print server. The recommended state for this setting is: Enabled: Limit Queue-specific files to Color profiles.",Enabled: Limit Queue-specific files to Color profiles,Simple,"'manage processing of queue-specific files:  manage processing of queue-specific files' is a low-complexity, single-value setting with minimal operational impact. Apply the recommended state; deviation requires a specific documented business or technical exception."
CISv4 - WIN - L1 - Microsoft network client: Digitally sign  communications (always),"This policy setting determines whether packet signing is required by the SMB client component. Note: When Windows Vista-based computers have this policy setting enabled and they connect to file or print shares on remote servers, it is important that the setting is synchronized with its companion setting, Microsoft network server: Digitally sign communications (always), on those servers. For more information about these settings, see the ""Microsoft network client and server: Digitally sign communications (four related settings)"" section in Chapter 5 of the Threats and Countermeasures guide. The recommended state for this setting is: Enabled.",Enabled,Simple,"'microsoft network client: digitally sign  communications (always)' is a low-complexity, single-value setting with minimal operational impact. Apply the recommended state; deviation requires a specific documented business or technical exception."
CISv4 - WIN - L1 - 'Microsoft network client: Digitally sign  communications (if server agrees),This policy setting determines whether the SMB client will attempt to negotiate SMB packet signing. Note: Enabling this policy setting on SMB clients on your network makes them fully effective for packet signing with all clients and servers in your environment. The recommended state for this setting is: Enabled,Enabled,Simple,"''microsoft network client: digitally sign  communications (if server agrees)' is a low-complexity, single-value setting with minimal operational impact. Apply the recommended state; deviation requires a specific documented business or technical exception."
CISv4 - WIN - L1 - Microsoft network client: Send unencrypted  password to third-party SMB servers,"This policy setting determines whether the SMB redirector will send plaintext passwords during authentication to third-party SMB servers that do not support password encryption. It is recommended that you disable this policy setting unless there is a strong business case to enable it. If this policy setting is enabled, unencrypted passwords will be allowed across the network. The recommended state for this setting is: Disabled.",Disabled,Moderate,'microsoft network client: send unencrypted  password to third-party smb servers' has moderate implementation risk. Validate against existing tooling and workflows; pilot on a test group before broad rollout.
CISv4 - WIN - L1 - Microsoft network server: Digitally sign  communications (always),This policy setting determines whether packet signing is required by the SMB server component. Enable this policy setting in a mixed environment to prevent downstream clients from using the workstation as a network server. The recommended state for this setting is: Enabled.,Enabled,Simple,"'microsoft network server: digitally sign  communications (always)' is a low-complexity, single-value setting with minimal operational impact. Apply the recommended state; deviation requires a specific documented business or technical exception."
CISv4 - WIN - L1 - Microsoft network server: Digitally sign  communications (if client agrees),"This policy setting determines whether the SMB server will negotiate SMB packet signing with clients that request it. If no signing request comes from the client, a connection will be allowed without a signature if the Microsoft network server: Digitally sign communications (always) setting is not enabled. Note: Enable this policy setting on SMB clients on your network to make them fully effective for packet signing with all clients and servers in your environment. The recommended state for this setting is: Enabled.",Enabled,Simple,"'microsoft network server: digitally sign  communications (if client agrees)' is a low-complexity, single-value setting with minimal operational impact. Apply the recommended state; deviation requires a specific documented business or technical exception."
CISv4 - WIN - L1 - Minimize the number of simultaneous  connections to the Internet or a Windows Domain,This policy setting prevents computers from establishing multiple simultaneous connections to either the Internet or to a Windows domain. The recommended state for this setting is: Enabled: 3 = Prevent Wi-Fi when on Ethernet.,Enabled: 3 = Prevent Wi-Fi when on Ethernet,Simple,"'minimize the number of simultaneous  connections to the internet or a windows domain' is a low-complexity, single-value setting with minimal operational impact. Apply the recommended state; deviation requires a specific documented business or technical exception."
CISv4 - WIN - L1 - Minimum PIN Length,"Minimum PIN length configures the minimum number of characters required for the PIN. The lowest number you can configure for this policy setting is 4. The largest number you can configure must be less than the number configured in the Maximum PIN length policy setting or the number 127, whichever is the lowest. The recommended state for this setting is: 6 more character(s).",6 more character(s),Simple,"'minimum pin length' is a low-complexity, single-value setting with minimal operational impact. Apply the recommended state; deviation requires a specific documented business or technical exception."
CISv4 - WIN - L1 - Minimum Password Age,"This security setting determines the period of time (in days) that a password must be used before the user can change it. You can set a value between 1 and 998 days, or you can allow changes immediately by setting the number of days to 0. The recommended state for this setting is: 1 or more day(s)).",1 or more day(s)),Simple,"'minimum password age' is a low-complexity, single-value setting with minimal operational impact. Apply the recommended state; deviation requires a specific documented business or technical exception."
CISv4 - WIN - L1 - Modify Firmware Environment,The recommended state for this setting is: *S-1-5-32-544 (Administrators),*S-1-5-32-544 (Administrators),Simple,"'modify firmware environment' is a low-complexity, single-value setting with minimal operational impact. Apply the recommended state; deviation requires a specific documented business or technical exception."
CISv4 - WIN - L1 - Modify Object Label,The recommended state for this setting is: No One.,No One,Simple,"'modify object label' is a low-complexity, single-value setting with minimal operational impact. Apply the recommended state; deviation requires a specific documented business or technical exception."
CISv4 - WIN - L1 - Notify Malicious,"This policy setting determines whether Enhanced Phishing Protection in Microsoft Defender SmartScreen warns users if they type their work or school password into one of the following malicious scenarios: into a reported phishing site, into a Microsoft login URL with an invalid certificate, or into an application connecting to either a reported phishing site or a Microsoft login URL with an invalid certificate. The recommended state for this setting is: Enabled.",Enabled,Simple,"'notify malicious' is a low-complexity, single-value setting with minimal operational impact. Apply the recommended state; deviation requires a specific documented business or technical exception."
CISv4 - WIN - L1 - Notify Password Reuse,This policy setting determines whether Enhanced Phishing Protection in Microsoft Defender SmartScreen warns users if they reuse their work or school password. The recommended state for this setting is: Enabled.,Enabled,Simple,"'notify password reuse' is a low-complexity, single-value setting with minimal operational impact. Apply the recommended state; deviation requires a specific documented business or technical exception."
CISv4 - WIN - L1 - Notify Unsafe App,"This policy setting determines whether Enhanced Phishing Protection in Microsoft Defender SmartScreen warns users if they type their work or school passwords in Notepad, WordPad, or M365 Office apps like OneNote, Word, Excel, etc. The recommended state for this setting is: Enabled.",Enabled,Simple,"'notify unsafe app' is a low-complexity, single-value setting with minimal operational impact. Apply the recommended state; deviation requires a specific documented business or technical exception."
CISv4 - WIN - L1 - Notify antivirus programs when opening  attachments (User),"This policy setting manages the behavior for notifying registered antivirus programs. If multiple programs are registered, they will all be notified. The recommended state for this setting is: Enabled.",Enabled,Simple,"'notify antivirus programs when opening  attachments (user)' is a low-complexity, single-value setting with minimal operational impact. Apply the recommended state; deviation requires a specific documented business or technical exception."
CISv4 - WIN - L1 - Object Access Audit Detailed File Share,This subcategory allows you to audit attempts to access files and folders on a shared folder. Events for this subcategory include: • 5145: network share object was checked to see whether client can be granted desired access. The recommended state for this setting is to include: Failure.,to include: Failure,Moderate,Audit policies are low-risk to enable and strongly recommended for incident response. Only skip if event log storage or SIEM capacity is a documented constraint.
CISv4 - WIN - L1 - Object Access Audit Other Object Access  Events,"This policy setting allows you to audit events generated by the management of task scheduler jobs or COM+ objects. For scheduler jobs, the following are audited: • Job created. • Job deleted. • Job enabled. • Job disabled. • Job updated. For COM+ objects, the following are audited: • Catalog object added. • Catalog object updated. • Catalog object deleted. The recommended state for this setting is: Success and Failure.",Success and Failure,Moderate,"Full audit logging (Success and Failure) can generate high event volume on busy systems, impacting SIEM ingestion costs. For SMBs without a SIEM, Failure-only auditing is a pragmatic compromise."
CISv4 - WIN - L1 - Object Access Audit Removable Storage,"This policy setting allows you to audit user attempts to access file system objects on a removable storage device. A security audit event is generated only for all objects for all types of access requested. If you configure this policy setting, an audit event is generated each time an account accesses a file system object on a removable storage. Success audits record successful attempts and Failure audits record unsuccessful attempts. If you do not configure this policy setting, no audit event is generated when an account accesses a file system object on a removable storage. The recommended state for this setting is: Success and Failure.",Success and Failure,Moderate,"Full audit logging (Success and Failure) can generate high event volume on busy systems, impacting SIEM ingestion costs. For SMBs without a SIEM, Failure-only auditing is a pragmatic compromise."
CISv4 - WIN - L1 - Oobe Enable Rtp And Sig Update,"This policy setting configures whether Real-time Protection and Security Intelligence Updates are enabled during the Out of Box experience (OOBE). The recommended state for this setting is: If you enable this setting, realtime protection and Security Intelligence Updates are enabled during OOBE..","If you enable this setting, realtime protection and Security Intelligence Updates are enabled during OOBE",Simple,"'oobe enable rtp and sig update' is a low-complexity, single-value setting with minimal operational impact. Apply the recommended state; deviation requires a specific documented business or technical exception."
CISv4 - WIN - L1 - 'PUA Protection,"This policy setting controls detection and action for Potentially Unwanted Applications (PUA), which are sneaky unwanted application bundlers or their bundled applications, that can deliver adware or malware. The recommended state for this setting is: PUA Protection on.",PUA Protection on,Simple,"''pua protection' is a low-complexity, single-value setting with minimal operational impact. Apply the recommended state; deviation requires a specific documented business or technical exception."
CISv4 - WIN - L1 - Password Age Days,"This policy setting configures the Windows LAPS Password Settings policy for password age. Because attackers can crack passwords, the more frequently the password is changed the less opportunity an attacker has to use a cracked password. The recommended state for this setting is: Configured: 30 or fewer.",Configured: 30 or fewer,Simple,"'password age days' is a low-complexity, single-value setting with minimal operational impact. Apply the recommended state; deviation requires a specific documented business or technical exception."
CISv4 - WIN - L1 - Password Complexity,The recommended state for this setting is: Large letters + small letters + numbers + special characters,Large letters + small letters + numbers + special characters,Simple,"'password complexity' is a low-complexity, single-value setting with minimal operational impact. Apply the recommended state; deviation requires a specific documented business or technical exception."
CISv4 - WIN - L1 - Password Length,The recommended state for this setting is: Configured: 15 or more,Configured: 15 or more,Simple,"'password length' is a low-complexity, single-value setting with minimal operational impact. Apply the recommended state; deviation requires a specific documented business or technical exception."
CISv4 - WIN - L1 - Pause Updates,"This policy removes access to ""Pause updates"" feature. The recommended state for this setting is: Block",Block,Simple,"'pause updates' is a low-complexity, single-value setting with minimal operational impact. Apply the recommended state; deviation requires a specific documented business or technical exception."
CISv4 - WIN - L1 - Point and Print Restrictions: When installing  drivers for a new connection,This policy setting controls whether computers will show a warning and a security elevation prompt when users create a new printer connection using Point and Print. The recommended state for this setting is: Enabled: Show warning and elevation prompt,Enabled: Show warning and elevation prompt,Simple,"'point and print restrictions: when installing  drivers for a new connection' is a low-complexity, single-value setting with minimal operational impact. Apply the recommended state; deviation requires a specific documented business or technical exception."
CISv4 - WIN - L1 - Point and Print Restrictions: When updating  drivers for an existing connection,This policy setting controls whether computers will show a warning and a security elevation prompt when users are updating drivers for an existing connection using Point and Print. The recommended state for this setting is: Enabled: Show warning and elevation prompt,Enabled: Show warning and elevation prompt,Simple,"'point and print restrictions: when updating  drivers for an existing connection' is a low-complexity, single-value setting with minimal operational impact. Apply the recommended state; deviation requires a specific documented business or technical exception."
CISv4 - WIN - L1 - Policy Change Audit MPSSVC Rule Level  Policy Change,This subcategory determines whether the operating system generates audit events when changes are made to policy rules for the Microsoft Protection Service (MPSSVC.exe). The recommended state for this setting is: Success and Failure,Success and Failure,Moderate,"Full audit logging (Success and Failure) can generate high event volume on busy systems, impacting SIEM ingestion costs. For SMBs without a SIEM, Failure-only auditing is a pragmatic compromise."
CISv4 - WIN - L1 - Policy Change Audit Other Policy Change  Events,"This subcategory contains events about EFS Data Recovery Agent policy changes, changes in Windows Filtering Platform filter, status on Security policy settings updates for local Group Policy settings, Central Access Policy changes, and detailed troubleshooting events for Cryptographic Next Generation (CNG) operations. The recommended state for this setting is to include: Failure.",to include: Failure,Moderate,Audit policies are low-risk to enable and strongly recommended for incident response. Only skip if event log storage or SIEM capacity is a documented constraint.
CISv4 - WIN - L1 - Post Authentication Reset Delay,"This policy settings configures post-authentication actions which will be executed after detecting an authentication by the Windows LAPS managed account. The Grace period refers to the amount of time (hours) to wait after an authentication before executing the specified post-authentication actions. The recommended state for this setting is: Configured: 8 or fewer hours, but not 0","Configured: 8 or fewer hours, but not 0",Simple,"'post authentication reset delay' is a low-complexity, single-value setting with minimal operational impact. Apply the recommended state; deviation requires a specific documented business or technical exception."
CISv4 - WIN - L1 - Post-authentication actions,The recommended state for this setting is: Reset the password and logoff the managed account or higher.,Reset the password and logoff the managed account or higher,Simple,"'post-authentication actions' is a low-complexity, single-value setting with minimal operational impact. Apply the recommended state; deviation requires a specific documented business or technical exception."
CISv4 - WIN - L1 - Prevent device metadata retrieval from the  Internet,This policy setting allows you to prevent Windows from retrieving device metadata from the Internet. The recommended state for this setting is: Enabled.,Enabled,Simple,"'prevent device metadata retrieval from the  internet' is a low-complexity, single-value setting with minimal operational impact. Apply the recommended state; deviation requires a specific documented business or technical exception."
CISv4 - WIN - L1 - Prevent downloading of enclosures,This policy setting prevents the user from having enclosures (file attachments) downloaded from an RSS feed to the user's computer. The recommended state for this setting is: Enabled.,Enabled,Simple,"'prevent downloading of enclosures' is a low-complexity, single-value setting with minimal operational impact. Apply the recommended state; deviation requires a specific documented business or technical exception."
CISv4 - WIN - L1 - Prevent enabling lock screen camera,Disables the lock screen camera toggle switch in PC Settings and prevents a camera from being invoked on the lock screen. The recommended state for this setting is: Enabled.,Enabled,Simple,"'prevent enabling lock screen camera' is a low-complexity, single-value setting with minimal operational impact. Apply the recommended state; deviation requires a specific documented business or technical exception."
CISv4 - WIN - L1 - Prevent enabling lock screen slide show,Disables the lock screen slide show settings in PC Settings and prevents a slide show from playing on the lock screen. The recommended state for this setting is: Enabled.,Enabled,Simple,"'prevent enabling lock screen slide show' is a low-complexity, single-value setting with minimal operational impact. Apply the recommended state; deviation requires a specific documented business or technical exception."
CISv4 - WIN - L1 - Prevent the use of security questions for  local accounts,"This policy setting controls whether security questions can be used to reset local account passwords. The security question feature does not apply to domain accounts, only local accounts on the workstation. The recommended state for this setting is: Enabled.",Enabled,Simple,"'prevent the use of security questions for  local accounts' is a low-complexity, single-value setting with minimal operational impact. Apply the recommended state; deviation requires a specific documented business or technical exception."
CISv4 - WIN - L1 - Prevent users from sharing files within  their profile. (User),"This policy setting determines whether users can share files within their profile. By default, users are allowed to share files within their profile to other users on their network after an administrator opts in the computer. An administrator can opt in the computer by using the sharing wizard to share a file within their profile. The recommended state for this setting is: Enabled.",Enabled,Simple,"'prevent users from sharing files within  their profile. (user)' is a low-complexity, single-value setting with minimal operational impact. Apply the recommended state; deviation requires a specific documented business or technical exception."
CISv4 - WIN - L1 - Privilege Use Audit Sensitive Privilege Use,This subcategory reports when a user account or service uses a sensitive privilege. The recommended state for this setting is: Success and Failure,Success and Failure,Moderate,"Full audit logging (Success and Failure) can generate high event volume on busy systems, impacting SIEM ingestion costs. For SMBs without a SIEM, Failure-only auditing is a pragmatic compromise."
CISv4 - WIN - L1 - Profile Single Process,The recommended state for this setting is: *S-1-5-32-544 (Administrators).,*S-1-5-32-544 (Administrators),Simple,"'profile single process' is a low-complexity, single-value setting with minimal operational impact. Apply the recommended state; deviation requires a specific documented business or technical exception."
CISv4 - WIN - L1 - Profile System Performance,"The recommended state for this setting is: *S-1-5-32-544, *S-1-5-80 (Administrators, NT SERVICE\WdiServiceHost).","*S-1-5-32-544, *S-1-5-80 (Administrators, NT SERVICE\WdiServiceHost)",Simple,"'profile system performance' is a low-complexity, single-value setting with minimal operational impact. Apply the recommended state; deviation requires a specific documented business or technical exception."
CISv4 - WIN - L1 - Prohibit connection to non-domain networks  when connected to domain authenticated network,This policy setting prevents computers from connecting to both a domain based network and a non-domain based network at the same time. The recommended state for this setting is: Enabled.,Enabled,Simple,"'prohibit connection to non-domain networks  when connected to domain authenticated network' is a low-complexity, single-value setting with minimal operational impact. Apply the recommended state; deviation requires a specific documented business or technical exception."
CISv4 - WIN - L1 - Prohibit installation and configuration of  Network Bridge on your DNS domain network,You can use this procedure to control a user's ability to install and configure a Network Bridge. The recommended state for this setting is: Enabled.,Enabled,Simple,"'prohibit installation and configuration of  network bridge on your dns domain network' is a low-complexity, single-value setting with minimal operational impact. Apply the recommended state; deviation requires a specific documented business or technical exception."
CISv4 - WIN - L1 - Prohibit use of Internet Connection Sharing  on your DNS domain network,"Although this ""legacy"" setting traditionally applied to the use of Internet Connection Sharing (ICS) in Windows 2000, Windows XP & Server 2003, this setting now freshly applies to the Mobile Hotspot feature in Windows 10 & Server 2016. The recommended state for this setting is: Enabled.",Enabled,Simple,"'prohibit use of internet connection sharing  on your dns domain network' is a low-complexity, single-value setting with minimal operational impact. Apply the recommended state; deviation requires a specific documented business or technical exception."
CISv4 - WIN - L1 - Quick Scan Include Exclusions,"This policy setting manages whether or not Microsoft Defender Antivirus scans excluded files and directories when running a Quick Scan. The recommended state for this setting is: If you set this setting to 1, all files and directories that are excluded from real-time protection using contextual exclusions are scanned during a quick scan.","If you set this setting to 1, all files and directories that are excluded from real-time protection using contextual exclusions are scanned during a quick scan",Simple,"'quick scan include exclusions' is a low-complexity, single-value setting with minimal operational impact. Apply the recommended state; deviation requires a specific documented business or technical exception."
CISv4 - WIN - L1 - Refresh cadence,This policy setting determines how often MDM policies are refreshed on the system. The recommended state for this setting is: 90 (or less).,90 (or less),Simple,"'refresh cadence' is a low-complexity, single-value setting with minimal operational impact. Apply the recommended state; deviation requires a specific documented business or technical exception."
CISv4 - WIN - L1 - Remote Encryption Protection Configured  State,This policy setting configures the Brute-Force Protection feature in Microsoft Defender Antivirus. Brute-Force Protection can detect and block attempts to forcibly initiate sign ins and sessions. The recommended state for this setting is: Audit: Generate EDR detections without blocking. Configuring this setting to Block: Prevent suspicious and malicious behaviors also conforms to the benchmark.,Audit: Generate EDR detections without blocking,Simple,"'remote encryption protection configured  state' is a low-complexity, single-value setting with minimal operational impact. Apply the recommended state; deviation requires a specific documented business or technical exception."
CISv4 - WIN - L1 - Remote Shutdown,The recommended state for this setting is: *S-1-5-32-544 (Administrators).,*S-1-5-32-544 (Administrators),Simple,"'remote shutdown' is a low-complexity, single-value setting with minimal operational impact. Apply the recommended state; deviation requires a specific documented business or technical exception."
CISv4 - WIN - L1 - 'Remote host allows delegation of non exportable credentials,"Remote host allows delegation of non-exportable credentials. When using credential delegation, devices provide an exportable version of credentials to the remote host. This exposes users to the risk of credential theft from attackers on the remote host. The Restricted Admin Mode and Windows Defender Remote Credential Guard features are two options to help protect against this risk. The recommended state for this setting is: Enabled",Enabled,Simple,"''remote host allows delegation of non exportable credentials' is a low-complexity, single-value setting with minimal operational impact. Apply the recommended state; deviation requires a specific documented business or technical exception."
CISv4 - WIN - L1 - Replace Process Level Token,"The recommended state for this setting is: *S-1-5-19, *S-1-5-20 (LOCAL SERVICE, NETWORK SERVICE).","*S-1-5-19, *S-1-5-20 (LOCAL SERVICE, NETWORK SERVICE)",Simple,"'replace process level token' is a low-complexity, single-value setting with minimal operational impact. Apply the recommended state; deviation requires a specific documented business or technical exception."
CISv4 - WIN - L1 - Require PIN For Pairing,This policy setting controls whether or not a PIN is required for pairing to a wireless display device. The recommended state for this setting is: Enabled: Pairing ceremony for new devices will always require a PIN' OR All pairings will require PIN.,Enabled: Pairing ceremony for new devices will always require a PIN' OR All pairings will require PIN,Simple,"'require pin for pairing' is a low-complexity, single-value setting with minimal operational impact. Apply the recommended state; deviation requires a specific documented business or technical exception."
CISv4 - WIN - L1 - Require Platform Security Features,This policy setting specifies whether Virtualization Based Security (VBS) is enabled. VBS uses the Windows Hypervisor to provide support for security services. The recommended state for this setting is: Turns on VBS with Secure Boot or Turns on VBS with Secure Boot and direct memory access (DMA). DMA requires hardware support.,Turns on VBS with Secure Boot or Turns on VBS with Secure Boot and direct memory access (DMA),Simple,"'require platform security features' is a low-complexity, single-value setting with minimal operational impact. Apply the recommended state; deviation requires a specific documented business or technical exception."
CISv4 - WIN - L1 - Require Security Device,"This policy controls whether a Trusted Platform Module (TPM) is required to provision Windows Hello for Business. • If you enable this policy setting, only devices with a usable TPM provision Windows Hello for Business. • If you disable or don't configure this policy setting, the TPM is still preferred, but all devices provision Windows Hello for Business using software if the TPM is non-functional or unavailable. The recommended state for this setting is: true.",true,Simple,"'require security device' is a low-complexity, single-value setting with minimal operational impact. Apply the recommended state; deviation requires a specific documented business or technical exception."
CISv4 - WIN - L1 - Require UEFI Memory Attributes Table,The recommended state for this setting is: Require UEFI Memory Attributes Table.,Require UEFI Memory Attributes Table,Simple,"'require uefi memory attributes table' is a low-complexity, single-value setting with minimal operational impact. Apply the recommended state; deviation requires a specific documented business or technical exception."
CISv4 - WIN - L1 - Require a password when a computer  wakes (on battery),Specifies whether or not the user is prompted for a password when the system resumes from sleep. The recommended state for this setting is: Enabled,Enabled,Simple,"'require a password when a computer  wakes (on battery)' is a low-complexity, single-value setting with minimal operational impact. Apply the recommended state; deviation requires a specific documented business or technical exception."
CISv4 - WIN - L1 - Require a password when a computer  wakes (plugged in),Specifies whether or not the user is prompted for a password when the system resumes from sleep. The recommended state for this setting is: Enabled.,Enabled,Simple,"'require a password when a computer  wakes (plugged in)' is a low-complexity, single-value setting with minimal operational impact. Apply the recommended state; deviation requires a specific documented business or technical exception."
CISv4 - WIN - L1 - Require domain users to elevate when  setting a network's location,This policy setting determines whether to require domain users to elevate when setting a network's location. The recommended state for this setting is: Enabled.,Enabled,Simple,Privacy-related restrictions are low-risk for SMBs. Users may notice loss of Cortana/search features. Acceptable trade-off; communicate change to users to reduce help desk calls.
CISv4 - WIN - L1 - Require secure RPC communication,This policy setting allows you to specify whether Remote Desktop Services requires secure Remote Procedure Call (RPC) communication with all clients or allows unsecured communication. You can use this policy setting to strengthen the security of RPC communication with clients by allowing only authenticated and encrypted requests. The recommended state for this setting is: Enabled.,Enabled,Complex,RPC hardening settings are generally safe but can break some older printer or file share workflows. Test on a pilot group before broad deployment.
CISv4 - WIN - L1 - Require use of specific security layer  for remote (RDP) connections,This policy setting specifies whether to require the use of a specific security layer to secure communications between clients and RD Session Host servers during Remote Desktop Protocol (RDP) connections. The recommended state for this setting is: Enabled: SSL.,Enabled: SSL,Simple,Clipboard redirection is commonly needed in RDS/remote work scenarios. Blocking may frustrate users who copy/paste between local and remote sessions. Evaluate whether dedicated VDI/RDS use justifies the risk.
CISv4 - WIN - L1 - Require user authentication for remote  connections by using Network Level Authentication,This policy setting allows you to specify whether to require user authentication for remote connections to the RD Session Host server by using Network Level Authentication. The recommended state for this setting is: Enabled.,Enabled,Simple,"'require user authentication for remote  connections by using network level authentication' is a low-complexity, single-value setting with minimal operational impact. Apply the recommended state; deviation requires a specific documented business or technical exception."
CISv4 - WIN - L1 - Restore Files And Directories,The recommended state for this setting is: *S-1-5-32-544 (Administrators).,*S-1-5-32-544 (Administrators),Simple,"'restore files and directories' is a low-complexity, single-value setting with minimal operational impact. Apply the recommended state; deviation requires a specific documented business or technical exception."
CISv4 - WIN - L1 - Restrict Unauthenticated RPC clients,"This policy setting controls how the RPC server runtime handles unauthenticated RPC clients connecting to RPC servers. A client will be considered an authenticated client if it uses a named pipe to communicate with the server or if it uses RPC Security. RPC Interfaces that have specifically requested to be accessible by unauthenticated clients may be exempt from this restriction, depending on the selected value for this policy setting. Note: This policy setting will not be applied until the system is rebooted. The recommended state for this setting is: Enabled: Authenticated.",Enabled: Authenticated,Complex,RPC hardening settings are generally safe but can break some older printer or file share workflows. Test on a pilot group before broad deployment.
CISv4 - WIN - L1 - Scheduled Install Day,This policy setting specifies when computers in your environment will receive security updates from Windows Update or WSUS. The recommended state for this setting is: Every day,Every day,Simple,"'scheduled install day' is a low-complexity, single-value setting with minimal operational impact. Apply the recommended state; deviation requires a specific documented business or technical exception."
CISv4 - WIN - L1 -  Service Enabled,"This policy setting determines whether Enhanced Phishing Protection is in audit mode. This allows notifications to be sent to users regarding unsafe password events. Additionally, Enhanced Phishing Protection captures unsafe password entry events and sends diagnostic data through Microsoft Defender. The recommended state for this setting is: Enabled.",Enabled,Simple,"'service enabled' is a low-complexity, single-value setting with minimal operational impact. Apply the recommended state; deviation requires a specific documented business or technical exception."
CISv4 - WIN - L1 - Set client connection encryption level,"This policy setting specifies whether to require the use of a specific encryption level to secure communications between client computers and RD Session Host servers during Remote Desktop Protocol (RDP) connections. This policy only applies when you are using native RDP encryption. However, native RDP encryption (as opposed to SSL encryption) is not recommended. This policy does not apply to SSL encryption. The recommended state for this setting is: Enabled: High Level.",Enabled: High Level,Simple,"'set client connection encryption level' is a low-complexity, single-value setting with minimal operational impact. Apply the recommended state; deviation requires a specific documented business or technical exception."
CISv4 - WIN - L1 - Set the default behavior for AutoRun,This policy setting sets the default behavior for Autorun commands. Autorun commands are generally stored in autorun.inf files. They often launch the installation program or other routines. The recommended state for this setting is: Enabled: Do not execute any autorun commands.,Enabled: Do not execute any autorun commands,Simple,"'set the default behavior for autorun' is a low-complexity, single-value setting with minimal operational impact. Apply the recommended state; deviation requires a specific documented business or technical exception."
CISv4 - WIN - L1 - Shut Down The System,"The recommended state for this setting is: *S-1-5-32-544, *S-1-5-32-545 (Administrators, Users)","*S-1-5-32-544, *S-1-5-32-545 (Administrators, Users)",Simple,"'shut down the system' is a low-complexity, single-value setting with minimal operational impact. Apply the recommended state; deviation requires a specific documented business or technical exception."
CISv4 - WIN - L1 - Sign-in and lock last interactive user  automatically after a restart,This policy setting controls whether a device will automatically sign-in the last interactive user after Windows Update restarts the system. The recommended state for this setting is: Disabled.,Disabled,Simple,"'sign-in and lock last interactive user  automatically after a restart' is a low-complexity, single-value setting with minimal operational impact. Apply the recommended state; deviation requires a specific documented business or technical exception."
CISv4 - WIN - L1 - System Audit I Psec Driver,This subcategory reports on the activities of the Internet Protocol security (IPsec) driver. The recommended state for this setting is: Success and Failure.,Success and Failure,Moderate,"Full audit logging (Success and Failure) can generate high event volume on busy systems, impacting SIEM ingestion costs. For SMBs without a SIEM, Failure-only auditing is a pragmatic compromise."
CISv4 - WIN - L1 - System Audit Other System Events,This subcategory reports on other system events. The recommended state for this setting is: Success and Failure.,Success and Failure,Moderate,"Full audit logging (Success and Failure) can generate high event volume on busy systems, impacting SIEM ingestion costs. For SMBs without a SIEM, Failure-only auditing is a pragmatic compromise."
CISv4 - WIN - L1 - System Audit Security State Change,"This subcategory reports changes in security state of the system, such as when the security subsystem starts and stops. The recommended state for this setting is to include: Success",to include: Success,Moderate,"Full audit logging (Success and Failure) can generate high event volume on busy systems, impacting SIEM ingestion costs. For SMBs without a SIEM, Failure-only auditing is a pragmatic compromise."
CISv4 - WIN - L1 - System Audit System Integrity,This subcategory reports on violations of integrity of the security subsystem. The recommended state for this setting is: Success and Failure.,Success and Failure,Moderate,"Full audit logging (Success and Failure) can generate high event volume on busy systems, impacting SIEM ingestion costs. For SMBs without a SIEM, Failure-only auditing is a pragmatic compromise."
CISv4 - WIN - L1 - Take Ownership,,No One / Empty,Simple,"'take ownership' is a low-complexity, single-value setting with minimal operational impact. Apply the recommended state; deviation requires a specific documented business or technical exception."
CISv4 - WIN - L1 - Turn off Autoplay,"Autoplay starts to read from a drive as soon as you insert media in the drive, which causes the setup file for programs or audio media to start immediately. An attacker could use this feature to launch a program to damage the computer or data on the computer. Autoplay is disabled by default on some removable drive types, such as floppy disk and network drives, but not on CD-ROM drives. Note: You cannot use this policy setting to enable Autoplay on computer drives in which it is disabled by default, such as floppy disk and network drives. The recommended state for this setting is: Enabled: All drives",Enabled: All drives,Simple,"'turn off autoplay' is a low-complexity, single-value setting with minimal operational impact. Apply the recommended state; deviation requires a specific documented business or technical exception."
CISv4 - WIN - L1 - Turn off Data Execution Prevention for  Explorer,Disabling Data Execution Prevention can allow certain legacy plug-in applications to function without terminating Explorer. The recommended state for this setting is: Disabled.,Disabled,Simple,"'turn off data execution prevention for  explorer' is a low-complexity, single-value setting with minimal operational impact. Apply the recommended state; deviation requires a specific documented business or technical exception."
CISv4 - WIN - L1 - Turn off Internet download for Web  publishing and online ordering wizards,This policy setting controls whether Windows will download a list of providers for the Web publishing and online ordering wizards. The recommended state for this setting is: Enabled.,Enabled,Simple,"'turn off internet download for web  publishing and online ordering wizards' is a low-complexity, single-value setting with minimal operational impact. Apply the recommended state; deviation requires a specific documented business or technical exception."
CISv4 - WIN - L1 - Turn off app notifications on the lock  screen,This policy setting allows you to prevent app notifications from appearing on the lock screen. The recommended state for this setting is: Enabled,Enabled,Simple,"'turn off app notifications on the lock  screen' is a low-complexity, single-value setting with minimal operational impact. Apply the recommended state; deviation requires a specific documented business or technical exception."
CISv4 - WIN - L1 - Turn off background refresh of Group  Policy,"This policy setting prevents Group Policy from being updated while the computer is in use. This policy setting applies to Group Policy for computers, users and Domain Controllers. The recommended state for this setting is: Disabled",Disabled,Simple,"'turn off background refresh of group  policy' is a low-complexity, single-value setting with minimal operational impact. Apply the recommended state; deviation requires a specific documented business or technical exception."
CISv4 - WIN - L1 - Turn off downloading of print drivers over  HTTP,"This policy setting controls whether the computer can download print driver packages over HTTP. To set up HTTP printing, printer drivers that are not available in the standard operating system installation might need to be downloaded over HTTP. The recommended state for this setting is: Enabled",Enabled,Simple,"'turn off downloading of print drivers over  http' is a low-complexity, single-value setting with minimal operational impact. Apply the recommended state; deviation requires a specific documented business or technical exception."
CISv4 - WIN - L1 - Turn off heap termination on corruption,"Without heap termination on corruption, legacy plug-in applications may continue to function when a File Explorer session has become corrupt. Ensuring that heap termination on corruption is active will prevent this. The recommended state for this setting is: Disabled.",Disabled,Simple,"'turn off heap termination on corruption' is a low-complexity, single-value setting with minimal operational impact. Apply the recommended state; deviation requires a specific documented business or technical exception."
CISv4 - WIN - L1 - Turn off multicast name resolution,"Link-Local Multicast Name Resolution (LLMNR) is a secondary name resolution protocol. With LLMNR, queries are sent using multicast over a local network link on a single subnet from a client computer to another client computer on the same subnet that also has LLMNR enabled. LLMNR does not require a DNS server or DNS client configuration and provides name resolution in scenarios in which conventional DNS name resolution is not possible. The recommended state for this setting is: Enabled",Enabled,Simple,"'turn off multicast name resolution' is a low-complexity, single-value setting with minimal operational impact. Apply the recommended state; deviation requires a specific documented business or technical exception."
CISv4 - WIN - L1 - Turn off picture password sign-in,This policy setting allows you to control whether a domain user can sign in using a picture password. The recommended state for this setting is: Enabled.,Enabled,Simple,"'turn off picture password sign-in' is a low-complexity, single-value setting with minimal operational impact. Apply the recommended state; deviation requires a specific documented business or technical exception."
CISv4 - WIN - L1 - Turn off shell protocol protected mode,"This policy setting allows you to configure the amount of functionality that the shell protocol can have. When using the full functionality of this protocol, applications can open folders and launch files. The protected mode reduces the functionality of this protocol allowing applications to only open a limited set of folders. Applications are not able to open files with this protocol when it is in the protected mode. It is recommended to leave this protocol in the protected mode to increase the security of Windows. The recommended state for this setting is: Disabled",Disabled,Simple,"'turn off shell protocol protected mode' is a low-complexity, single-value setting with minimal operational impact. Apply the recommended state; deviation requires a specific documented business or technical exception."
CISv4 - WIN - L1 - Turn off the offer to update to the latest  version of Windows,Enables or disables the Microsoft Store offer to update to the latest version of Windows. The recommended state for this setting is: Enabled.,Enabled,Simple,"'turn off the offer to update to the latest  version of windows' is a low-complexity, single-value setting with minimal operational impact. Apply the recommended state; deviation requires a specific documented business or technical exception."
CISv4 - WIN - L1 - Turn off toast notifications on the lock screen  (User),This policy setting turns off toast notifications on the lock screen. The recommended state for this setting is Enabled.,Enabled,Simple,"'turn off toast notifications on the lock screen  (user)' is a low-complexity, single-value setting with minimal operational impact. Apply the recommended state; deviation requires a specific documented business or technical exception."
CISv4 - WIN - L1 - Turn on convenience PIN sign-in,This policy setting allows you to control whether a user can sign in using a convenience PIN. Note: The user's password will be cached in the system vault when using this feature. The recommended state for this setting is: Disabled,Disabled,Simple,"'turn on convenience pin sign-in' is a low-complexity, single-value setting with minimal operational impact. Apply the recommended state; deviation requires a specific documented business or technical exception."
CISv4 - WIN - L1 - WDigest Authentication,"When WDigest authentication is enabled, Lsass.exe retains a copy of the user's plaintext password in memory, where it can be at risk of theft. If this setting is not configured, WDigest authentication is disabled in Windows 8.1 and in Windows Server 2012 R2; it is enabled by default in earlier versions of Windows and Windows Server. The recommended state for this setting is: Disabled.",Disabled,Simple,"'wdigest authentication' is a low-complexity, single-value setting with minimal operational impact. Apply the recommended state; deviation requires a specific documented business or technical exception."
CISv4 - WIN - L1 - ASR: Block Adobe Reader from creating child  processes,"This rule prevents attacks by blocking Adobe Reader from creating processes. Malware can download and launch payloads and break out of Adobe Reader through social engineering or exploits. By blocking child processes from being generated by Adobe Reader, malware attempting to use Adobe Reader as an attack vector are prevented from spreading. The recommended state for this setting is: Block.",Block,Complex,"ASR rules can break line-of-business apps (e.g., blocking macros in ERP tools). SMBs should test in Audit mode before enabling Block, or exclude specific trusted apps."
CISv4 - WIN - L1 - ASR: Block JavaScript or VBScript from  launching downloaded executable content,,Block (inferred from payload),Complex,"ASR rules can break line-of-business apps (e.g., blocking macros in ERP tools). SMBs should test in Audit mode before enabling Block, or exclude specific trusted apps."
CISv4 - WIN - L1 - ASR: Block Office applications from injecting  code into other processes,"Attackers might attempt to use Office apps to migrate malicious code into other processes through code injection, so the code can masquerade as a clean process. There are no known legitimate business purposes for using code injection.This rule applies to Word, Excel, OneNote, and PowerPoint. The recommended state for this setting is: Block.",Block,Complex,"ASR rules can break line-of-business apps (e.g., blocking macros in ERP tools). SMBs should test in Audit mode before enabling Block, or exclude specific trusted apps."
CISv4 - WIN - L1 - ASR: Block Office communication application  from creating child processes,"This rule prevents Outlook from creating child processes, while still allowing legitimate Outlook functions. The recommended state for this setting is: Audit. Configuring this setting to Block also conforms to the benchmark.",Audit,Complex,"ASR rules can break line-of-business apps (e.g., blocking macros in ERP tools). SMBs should test in Audit mode before enabling Block, or exclude specific trusted apps."
CISv4 - WIN - L1 - ASR: Block Win32 API calls from Office  macros,This rule prevents VBA macros from calling Win32 APIs. Office VBA enables Win32 API calls. The recommended state for this setting is: Block.,Block,Complex,"ASR rules can break line-of-business apps (e.g., blocking macros in ERP tools). SMBs should test in Audit mode before enabling Block, or exclude specific trusted apps."
CISv4 - WIN - L1 - ASR: Block abuse of exploited vulnerable  signed drivers,This rule prevents an application from writing a vulnerable signed driver to disk. The recommended state for this setting is: Block.,Block,Complex,"ASR rules can break line-of-business apps (e.g., blocking macros in ERP tools). SMBs should test in Audit mode before enabling Block, or exclude specific trusted apps."
CISv4 - WIN - L1 - ASR: Block all Office applications from creating  child processes,"This rule blocks Office apps from creating child processes. Office apps include Word, Excel, PowerPoint, OneNote, and Access. Creating malicious child processes is a common malware strategy. Malware that abuses Office as a vector often runs VBA macros and exploit code to download and attempt to run more payloads. However, some legitimate line-of-business applications might also generate child processes for benign purposes; such as spawning a command prompt or using PowerShell to configure registry settings. The recommended state for this setting is: Audit. Configuring this setting to Block also conforms to the benchmark.",Audit,Complex,"ASR rules can break line-of-business apps (e.g., blocking macros in ERP tools). SMBs should test in Audit mode before enabling Block, or exclude specific trusted apps."
CISv4 - WIN - L1 - ASR: Block credential stealing from the  Windows local security authority subsystem,"This rule helps prevent credential stealing by locking down Local Security Authority Subsystem Service (LSASS). LSASS authenticates users who sign in on a Windows computer. Microsoft Defender Credential Guard in Windows normally prevents attempts to extract credentials from LSASS. Some organizations can't enable Credential Guard on all of their computers because of compatibility issues with custom smartcard drivers or other programs that load into the Local Security Authority (LSA). In these cases, attackers can use tools like Mimikatz to scrape cleartext passwords and NTLM hashes from LSASS. Note: Enabling this rule doesn't provide additional protection if you have LSA protection enabled since the ASR rule and LSA protection work similarly. However, when LSA protection cannot be enabled, this rule can be configured to provide equivalent protection against malware that target lsass.exe. The recommended state for this setting is: Block.",Block,Complex,"ASR rules can break line-of-business apps (e.g., blocking macros in ERP tools). SMBs should test in Audit mode before enabling Block, or exclude specific trusted apps."
CISv4 - WIN - L1 - ASR: Block executable content from email  client and webmail,"This rule blocks email opened within the Microsoft Outlook application, or Outlook.com and other popular webmail providers from propagating the following file types: • Executable files (such as .exe, .dll, or .scr) • Script files (such as a PowerShell .ps1, Visual Basic .vbs, or JavaScript .js file) The recommended state for this setting is: Block.",Block,Complex,"ASR rules can break line-of-business apps (e.g., blocking macros in ERP tools). SMBs should test in Audit mode before enabling Block, or exclude specific trusted apps."
"CISv4 - WIN - L1 - ASR: Block executable files from running  unless they meet a prevalence, age, or trusted list criterion'","This rule blocks executable files, such as .exe, .dll, or .scr, from launching. Thus, launching untrusted or unknown executable files can be risky, as it might not be initially clear if the files are malicious. The recommended state for this setting is: Audit. Configuring this setting to Block also conforms to the benchmark",Audit,Complex,"ASR rules can break line-of-business apps (e.g., blocking macros in ERP tools). SMBs should test in Audit mode before enabling Block, or exclude specific trusted apps."
CISv4 - WIN - L1 - ASR: Block execution of potentially obfuscated  scripts,"This rule blocks Office apps from creating child processes. Office apps include Word, Excel, PowerPoint, OneNote, and Access. Creating malicious child processes is a common malware strategy. Malware that abuses Office as a vector often runs VBA macros and exploit code to download and attempt to run more payloads. However, some legitimate line-of-business applications might also generate child processes for benign purposes; such as spawning a command prompt or using PowerShell to configure registry settings. The recommended state for this setting is: Audit. Configuring this setting to Block also conforms to the benchmark.",Audit,Complex,"ASR rules can break line-of-business apps (e.g., blocking macros in ERP tools). SMBs should test in Audit mode before enabling Block, or exclude specific trusted apps."
CISv4 - WIN - L1 - ASR: Block persistence through WMI event  subscription,"This rule prevents malware from abusing WMI to attain persistence on a device. Note: If CcmExec.exe (SCCM Agent) is detected on the device, the ASR rule is classified as ""not applicable"" in Defender for Endpoint settings in the Microsoft Defender portal. The recommended state for this setting is: Block.",Block,Complex,"ASR rules can break line-of-business apps (e.g., blocking macros in ERP tools). SMBs should test in Audit mode before enabling Block, or exclude specific trusted apps."
CISv4 - WIN - L1 - ASR: Block process creations originating from  PSExec and WMI commands,This rule blocks processes created through PsExec and WMI from running. Both PsExec and WMI can remotely execute code. The recommended state for this setting is: Audit. Configuring this setting to Block also conforms to the benchmark.,Audit,Complex,"ASR rules can break line-of-business apps (e.g., blocking macros in ERP tools). SMBs should test in Audit mode before enabling Block, or exclude specific trusted apps."
CISv4 - WIN - L1 - ASR: Block untrusted and unsigned processes  that run from USB,"With this rule, admins can prevent unsigned or untrusted executable files from running from USB removable drives, including SD cards. Blocked file types include executable files (such as .exe, .dll, or .scr) The recommended state for this setting is: Block.",Block,Complex,"ASR rules can break line-of-business apps (e.g., blocking macros in ERP tools). SMBs should test in Audit mode before enabling Block, or exclude specific trusted apps."
CISv4 - WIN - L1 - ASR: Use advanced protection against  ransomware,This rule provides an extra layer of protection against ransomware. It uses both client and cloud heuristics to determine whether a file resembles ransomware. This rule doesn't block files that have one or more of the following characteristics: The file has already been found to be unharmful in the Microsoft cloud. The file is a valid signed file. The file is prevalent enough to not be considered as ransomware. The rule tends to err on the side of caution to prevent ransomware.The recommended state for this setting is: Audit. Configuring this setting to Block also conforms to the benchmark.,Audit,Complex,"ASR rules can break line-of-business apps (e.g., blocking macros in ERP tools). SMBs should test in Audit mode before enabling Block, or exclude specific trusted apps."
CISv4 - WIN - L1 - Account Logon Audit Credential Validation,"This subcategory reports the results of validation tests on credentials submitted for a user account logon request. These events occur on the computer that is authoritative for the credentials. For domain accounts, the Domain Controller is authoritative, whereas for local accounts, the local computer is authoritative. In domain environments, most of the Account Logon events occur in the Security log of the Domain Controllers that are authoritative for the domain accounts. However, these events can occur on other computers in the organization when local accounts are used to log on. Events for this subcategory include: • 4774: An account was mapped for logon. • 4775: An account could not be mapped for logon. • 4776: The Domain Controller attempted to validate the credentials for an account. • 4777: The Domain Controller failed to validate the credentials for an account. The recommended state for this setting is: Success and Failure.",Success and Failure,Moderate,"Full audit logging (Success and Failure) can generate high event volume on busy systems, impacting SIEM ingestion costs. For SMBs without a SIEM, Failure-only auditing is a pragmatic compromise."
CISv4 - WIN - L1 - Account Logon Logoff Audit Account Lockout,This subcategory reports when a user's account is locked out as a result of too many failed logon attempts. Events for this subcategory include: • 4625: An account failed to log on. The recommended state for this setting is to include: Failure.,to include: Failure,Moderate,Audit policies are low-risk to enable and strongly recommended for incident response. Only skip if event log storage or SIEM capacity is a documented constraint.
CISv4 - WIN - L1 - Account Logon Logoff Audit Group Membership,"This policy allows you to audit the group membership information in the user’s logon token. Events in this subcategory are generated on the computer on which a logon session is created. For an interactive logon, the security audit event is generated on the computer that the user logged on to. For a network logon, such as accessing a shared folder on the network, the security audit event is generated on the computer hosting the resource. The recommended state for this setting is to include: Success.",to include: Success,Moderate,"Full audit logging (Success and Failure) can generate high event volume on busy systems, impacting SIEM ingestion costs. For SMBs without a SIEM, Failure-only auditing is a pragmatic compromise."
CISv4 - WIN - L1 - Account Logon Logoff Audit Logoff,"This subcategory reports when a user logs off from the system. These events occur on the accessed computer. For interactive logons, the generation of these events occurs on the computer that is logged on to. If a network logon takes place to access a share, these events generate on the computer that hosts the accessed resource. If you configure this setting to No auditing, it is difficult or impossible to determine which user has accessed or attempted to access organization computers. Events for this subcategory include: • 4634: An account was logged off. • 4647: User initiated logoff. The recommended state for this setting is to include: Success.",to include: Success,Moderate,"Full audit logging (Success and Failure) can generate high event volume on busy systems, impacting SIEM ingestion costs. For SMBs without a SIEM, Failure-only auditing is a pragmatic compromise."
CISv4 - WIN - L1 - Account Logon Logoff Audit Logon,"This subcategory reports when a user attempts to log on to the system. These events occur on the accessed computer. For interactive logons, the generation of these events occurs on the computer that is logged on to. If a network logon takes place to access a share, these events generate on the computer that hosts the accessed resource. If you configure this setting to No auditing, it is difficult or impossible to determine which user has accessed or attempted to access organization computers. Events for this subcategory include: • 4624: An account was successfully logged on. • 4625: An account failed to log on. • 4648: A logon was attempted using explicit credentials. • 4675: SIDs were filtered. The recommended state for this setting is: Success and Failure.",Success and Failure,Moderate,"Full audit logging (Success and Failure) can generate high event volume on busy systems, impacting SIEM ingestion costs. For SMBs without a SIEM, Failure-only auditing is a pragmatic compromise."
CISv4 - WIN - L1 - Control Event Log behavior when the log  file reaches its maximum size Security,This policy setting controls Event Log behavior when the log file reaches its maximum size. The recommended state for this setting is: Disabled.,Disabled,Moderate,Audit policies are low-risk to enable and strongly recommended for incident response. Only skip if event log storage or SIEM capacity is a documented constraint.
CISv4 - WIN - L1 - Control Event Log behavior when the log  file reaches its maximum size Setup,This policy setting controls Event Log behavior when the log file reaches its maximum size. The recommended state for this setting is: Disabled,Disabled,Moderate,Audit policies are low-risk to enable and strongly recommended for incident response. Only skip if event log storage or SIEM capacity is a documented constraint.
CISv4 - WIN - L1 - Control Event Log behavior when the log  file reaches its maximum size System,This policy setting controls Event Log behavior when the log file reaches its maximum size. The recommended state for this setting is: Disabled.,Disabled,Moderate,Audit policies are low-risk to enable and strongly recommended for incident response. Only skip if event log storage or SIEM capacity is a documented constraint.
CISv4 - WIN - L1 - Control Event Log behavior when the log  file reaches its maximum size,This policy setting controls Event Log behavior when the log file reaches its maximum size. The recommended state for this setting is: Disabled.,Disabled,Moderate,Audit policies are low-risk to enable and strongly recommended for incident response. Only skip if event log storage or SIEM capacity is a documented constraint.
CISv4 - WIN - L1 - Device Password Enabled: Alphanumeric  Device Password Required,This policy setting determines the type of PIN or password this is required on a system. The recommended state for this setting is: Password or Alphanumeric PIN required.,Password or Alphanumeric PIN required,Moderate,Device password enforcement is foundational. Only deviate for kiosk or single-purpose devices where a PIN/biometric alternative is in use and documented.
CISv4 - WIN - L1 - Device Password Enabled: Device Password  Expiration,"This policy setting defines how long a user can use their password before it expires. The recommended state for this setting is 365 or fewer days, but not 0.","365 or fewer days, but not 0",Moderate,Password expiration policies can frustrate SMB users and lead to predictable password patterns. Many security frameworks now recommend long passphrases without mandatory expiration unless compromised.
CISv4 - WIN - L1 - Device Password Enabled: Device Password  History,"This policy setting determines the number of renewed, unique passwords that have to be associated with a user account before you can reuse an old password. In an Intune managed environment this setting applies to local user accounts and not Entra ID accounts. The value includes the user's current password. This value denotes that with a setting of 1, the user can't reuse their current password when choosing a new password, while a setting of 5 means that a user can't set their new password to their current password or any of their previous four passwords. The recommended state for this setting is: 24 or more password(s).",24 or more password(s),Moderate,Password history is low-friction and strongly recommended. Only skip for kiosk/shared accounts where history tracking is not feasible.
CISv4 - WIN - L1 - Device Password Enabled: Max Device  Password Failed Attempts,"This policy setting determines the number of failed logon attempts before the account is locked. Setting this policy to 0 does not conform to the benchmark as doing so disables the account lockout threshold. The recommended state for this setting is: 5 or fewer invalid logon attempt(s), but not 0","5 or fewer invalid logon attempt(s), but not 0",Moderate,"Aggressive lockout thresholds (e.g., 5 attempts) can trigger denial-of-service by malicious insiders. SMBs without help desk coverage may struggle with lockout resolution; balance threshold with support capacity."
CISv4 - WIN - L1 - Device Password Enabled: Max Inactivity Time  Device Lock,"Windows notices inactivity of a logon session, and if the amount of inactive time exceeds the inactivity limit, then the screen saver will run, locking the session. The recommended state for this setting is: 15 or fewer minutes, but not 0.","15 or fewer minutes, but not 0",Moderate,Short screen lock timeouts frustrate workers in non-sensitive shared spaces. 15-minute timeout may be acceptable for SMBs; CIS recommends shorter but 15 min is a pragmatic balance.
CISv4 - WIN - L1 - Device Password Enabled: Min Device  Password Complex Characters,"This policy setting configures the number of complex element types (uppercase and lowercase letters, numbers, and punctuation) required for PIN or password. The recommended state for this setting is: Digits and lowercase letters are required",Digits and lowercase letters are required,Moderate,Device password enforcement is foundational. Only deviate for kiosk or single-purpose devices where a PIN/biometric alternative is in use and documented.
CISv4 - WIN - L1 - Device Password Enabled: Min Device  Password Length,"This policy setting determines the least number of characters that make up a password for a local user account. There are many different theories about how to determine the best password length for an organization, but perhaps ""passphrase"" is a better term than ""password The recommended state for this setting is: 14 or more character(s).",14 or more character(s),Moderate,Device password enforcement is foundational. Only deviate for kiosk or single-purpose devices where a PIN/biometric alternative is in use and documented.
CISv4 - WIN - L1 - Device Password Enabled,"This policy setting specifics whether device lock is enabled. when enabled, the following policy settings take effect on the system which are included in the Device Lock Section: • AllowSimpleDevicePassword • MinDevicePasswordLength • AlphanumericDevicePasswordRequired • MaxDevicePasswordFailedAttempts • MaxInactivityTimeDeviceLock • MinDevicePasswordComplexCharacters The recommended state for this setting is: Enabled.",Enabled,Moderate,Device password enforcement is foundational. Only deviate for kiosk or single-purpose devices where a PIN/biometric alternative is in use and documented.
CISv4 - WIN - L1 - 'Enable Domain Network Firewall: Default  Inbound Action for Domain Profile,This setting determines the behavior for inbound connections that do not match an inbound firewall rule. The recommended state for this setting is: Block.,Block,Moderate,"Block-all-inbound is correct for most SMBs, but may break peer-to-peer apps, shared printers, or RDP without explicit allow rules in place. Verify rules before enforcing."
CISv4 - WIN - L1 - Enable Domain Network Firewall: Disable  Inbound Notifications,Select this option to have Windows Firewall with Advanced Security display notifications to the user when a program is blocked from receiving inbound connections. The recommended state for this setting is: True.,True,Moderate,"Block-all-inbound is correct for most SMBs, but may break peer-to-peer apps, shared printers, or RDP without explicit allow rules in place. Verify rules before enforcing."
CISv4 - WIN - L1 - Enable Domain Network Firewall: Enable Log  Dropped Packets,Use this option to log when Windows Firewall with Advanced Security discards an inbound packet for any reason. The log records why and when the packet was dropped. Look for entries with the word DROP in the action column of the log. The recommended state for this setting is: Enable Logging Of Dropped Packets.,Enable Logging Of Dropped Packets,Moderate,Firewall logging generates significant disk I/O on low-spec SMB endpoints. May be acceptable to disable verbose logging on non-critical workstations if storage is constrained.
CISv4 - WIN - L1 - Enable Domain Network Firewall: Enable Log  Success Connections,Use this option to log when Windows Firewall with Advanced Security allows an inbound connection. The log records why and when the connection was formed. Look for entries with the word ALLOW in the action column of the log. The recommended state for this setting is: Enable Logging Of Successful Connections.,Enable Logging Of Successful Connections,Moderate,Firewall logging generates significant disk I/O on low-spec SMB endpoints. May be acceptable to disable verbose logging on non-critical workstations if storage is constrained.
CISv4 - WIN - L1 - Enable Domain Network Firewall: Log File Path'  is set to '%SystemRoot%\System32\logfiles\firewall\domainfw.log,Use this option to specify the path and name of the file in which Windows Firewall will write its log information. The recommended state for this setting is: %SystemRoot%\System32\logfiles\firewall\domainfw.log.,%SystemRoot%\System32\logfiles\firewall\domainfw,Moderate,Firewall logging generates significant disk I/O on low-spec SMB endpoints. May be acceptable to disable verbose logging on non-critical workstations if storage is constrained.
CISv4 - WIN - L1 - Enable Domain Network Firewall: Log Max File  Size,"Use this option to specify the size limit of the file in which Windows Firewall will write its log information. The recommended state for this setting is: 16,384 KB or greater.","16,384 KB or greater",Moderate,Firewall logging generates significant disk I/O on low-spec SMB endpoints. May be acceptable to disable verbose logging on non-critical workstations if storage is constrained.
CISv4 - WIN - L1 - Enable Domain Network Firewall,"Select True (recommended) to have Windows Firewall with Advanced Security use the settings for this profile to filter network traffic. If you select False, Windows Firewall with Advanced Security will not use any of the firewall rules or connection security rules for this profile. The recommended state for this setting is: True.",True,Moderate,"Enabling all three firewall profiles is strongly recommended. Only deviate if a third-party firewall (e.g., Sophos, SentinelOne) is centrally managed and verified active."
CISv4 - WIN - L1 - Enable Private Network Firewall: Default  Inbound Action for Private Profile,This setting determines the behavior for inbound connections that do not match an inbound firewall rule. The recommended state for this setting is: Block.,Block,Moderate,"Block-all-inbound is correct for most SMBs, but may break peer-to-peer apps, shared printers, or RDP without explicit allow rules in place. Verify rules before enforcing."
CISv4 - WIN - L1 - Enable Private Network Firewall: Disable  Inbound Notifications,Select this option to have Windows Firewall with Advanced Security display notifications to the user when a program is blocked from receiving inbound connections. The recommended state for this setting is: True,True,Moderate,"Block-all-inbound is correct for most SMBs, but may break peer-to-peer apps, shared printers, or RDP without explicit allow rules in place. Verify rules before enforcing."
CISv4 - WIN - L1 - Enable Private Network Firewall: Enable Log  Dropped Packets,Use this option to log when Windows Firewall with Advanced Security discards an inbound packet for any reason. The log records why and when the packet was dropped. Look for entries with the word DROP in the action column of the log. The recommended state for this setting is: Enable Logging Of Dropped Packets.,Enable Logging Of Dropped Packets,Moderate,Firewall logging generates significant disk I/O on low-spec SMB endpoints. May be acceptable to disable verbose logging on non-critical workstations if storage is constrained.
CISv4 - WIN - L1 - Enable Private Network Firewall: Enable Log  Success Connections,Use this option to log when Windows Firewall with Advanced Security allows an inbound connection. The log records why and when the connection was formed. Look for entries with the word ALLOW in the action column of the log. The recommended state for this setting is: Enable Logging Of Successful Connections,Enable Logging Of Successful Connections,Moderate,Firewall logging generates significant disk I/O on low-spec SMB endpoints. May be acceptable to disable verbose logging on non-critical workstations if storage is constrained.
CISv4 - WIN - L1 - Enable Private Network Firewall: Log File  Path' is set to  '%SystemRoot%\System32\logfiles\firewall\privatefw.log,Use this option to specify the path and name of the file in which Windows Firewall will write its log information. The recommended state for this setting is: %SystemRoot%\System32\logfiles\firewall\privatefw.log.,%SystemRoot%\System32\logfiles\firewall\privatefw,Moderate,Firewall logging generates significant disk I/O on low-spec SMB endpoints. May be acceptable to disable verbose logging on non-critical workstations if storage is constrained.
CISv4 - WIN - L1 - Enable Private Network Firewall: Log Max File  Size,"Use this option to specify the size limit of the file in which Windows Firewall will write its log information. The recommended state for this setting is: 16,384 KB or greater.","16,384 KB or greater",Moderate,Firewall logging generates significant disk I/O on low-spec SMB endpoints. May be acceptable to disable verbose logging on non-critical workstations if storage is constrained.
CISv4 - WIN - L1 - Enable Private Network Firewall,"Select True (recommended) to have Windows Firewall with Advanced Security use the settings for this profile to filter network traffic. If you select False, Windows Firewall with Advanced Security will not use any of the firewall rules or connection security rules for this profile. The recommended state for this setting is: True (recommended).",True (recommended),Moderate,"Enabling all three firewall profiles is strongly recommended. Only deviate if a third-party firewall (e.g., Sophos, SentinelOne) is centrally managed and verified active."
CISv4 - WIN - L1 - Enable Public Network Firewall: Allow Local  Ipsec Policy Merge,This setting controls whether local administrators are allowed to create connection security rules that apply together with connection security rules configured by Group Policy. The recommended state for this setting is: False.,False,Moderate,"Enabling all three firewall profiles is strongly recommended. Only deviate if a third-party firewall (e.g., Sophos, SentinelOne) is centrally managed and verified active."
CISv4 - WIN - L1 - Enable Public Network Firewall: Allow Local  Policy Merge,This setting controls whether local administrators are allowed to create local firewall rules that apply together with firewall rules configured by Group Policy. The recommended state for this setting is: False.,False,Moderate,"Enabling all three firewall profiles is strongly recommended. Only deviate if a third-party firewall (e.g., Sophos, SentinelOne) is centrally managed and verified active."
CISv4 - WIN - L1 - Enable Public Network Firewall: Default  Inbound Action for Public Profile,This setting determines the behavior for inbound connections that do not match an inbound firewall rule. The recommended state for this setting is: Block.,Block,Moderate,"Block-all-inbound is correct for most SMBs, but may break peer-to-peer apps, shared printers, or RDP without explicit allow rules in place. Verify rules before enforcing."
CISv4 - WIN - L1 - Enable Public Network Firewall: Disable  Inbound Notifications,Select this option to have Windows Firewall with Advanced Security display notifications to the user when a program is blocked from receiving inbound connections. The recommended state for this setting is: True.,True,Moderate,"Block-all-inbound is correct for most SMBs, but may break peer-to-peer apps, shared printers, or RDP without explicit allow rules in place. Verify rules before enforcing."
CISv4 - WIN - L1 - Enable Public Network Firewall: Enable Log  Dropped Packets,Use this option to log when Windows Firewall with Advanced Security discards an inbound packet for any reason. The log records why and when the packet was dropped. Look for entries with the word DROP in the action column of the log. The recommended state for this setting is: Enable Logging Of Dropped Packets.,Enable Logging Of Dropped Packets,Moderate,Firewall logging generates significant disk I/O on low-spec SMB endpoints. May be acceptable to disable verbose logging on non-critical workstations if storage is constrained.
CISv4 - WIN - L1 - Enable Public Network Firewall: Enable Log  Success Connections,Use this option to log when Windows Firewall with Advanced Security allows an inbound connection. The log records why and when the connection was formed. Look for entries with the word ALLOW in the action column of the log. The recommended state for this setting is: Enable Logging Of Successful Connections,Enable Logging Of Successful Connections,Moderate,Firewall logging generates significant disk I/O on low-spec SMB endpoints. May be acceptable to disable verbose logging on non-critical workstations if storage is constrained.
CISv4 - WIN - L1 - Enable Public Network Firewall: Log File Path'  is set to '%SystemRoot%\System32\logfiles\firewall\publicfw.log,Use this option to specify the path and name of the file in which Windows Firewall will write its log information. The recommended state for this setting is: %SystemRoot%\System32\logfiles\firewall\publicfw.log.,%SystemRoot%\System32\logfiles\firewall\publicfw,Moderate,Firewall logging generates significant disk I/O on low-spec SMB endpoints. May be acceptable to disable verbose logging on non-critical workstations if storage is constrained.
CISv4 - WIN - L1 - Enable Public Network Firewall: Log Max File  Size,"Use this option to specify the size limit of the file in which Windows Firewall will write its log information. The recommended state for this setting is: 16,384 KB or greater.","16,384 KB or greater",Moderate,Firewall logging generates significant disk I/O on low-spec SMB endpoints. May be acceptable to disable verbose logging on non-critical workstations if storage is constrained.
CISv4 - WIN - L1 - Enable Public Network Firewall,"Select True (recommended) to have Windows Firewall with Advanced Security use the settings for this profile to filter network traffic. If you select False, Windows Firewall with Advanced Security will not use any of the firewall rules or connection security rules for this profile. The recommended state for this setting is: True (recommended).",True (recommended),Moderate,"Enabling all three firewall profiles is strongly recommended. Only deviate if a third-party firewall (e.g., Sophos, SentinelOne) is centrally managed and verified active."
CISv4 - WIN - L1 - Network Security: Allow PKU2U authentication  requests,"This setting determines if online identities are able to authenticate to this computer.The Public Key Cryptography Based User-to-User (PKU2U) protocol introduced in Windows 7 and Windows Server 2008 R2 is implemented as a security support provider (SSP). The SSP enables peer-to-peer authentication, particularly through the Windows 7 media and file sharing feature called HomeGroup, which permits sharing between computers that are not members of a domain. The recommended state for this setting is: Block.",Block,Complex,PKU2U is rarely needed in SMB environments. Disabling is low-risk and recommended. Only deviate if peer-to-peer HomeGroup-style sharing is in use (uncommon in managed environments).
CISv4 - WIN - L1 - Network Security Minimum Session Security  For NTLMSSP Based Clients,This policy setting determines which behaviors are allowed by clients for applications using the NTLM Security Support Provider (SSP). The SSP Interface (SSPI) is used by applications that need authentication services. The setting does not modify how the authentication sequence works but instead require certain behaviors in applications that use the SSPI. The recommended state for this setting is: Require NTLM and 128-bit encryption.,Require NTLM and 128-bit encryption,Complex,"Enforcing NTLMv2-only or disabling LM/NTLM can break older network devices, NAS appliances, or legacy line-of-business apps that don't support modern auth. Audit NTLM usage first via Event Log 4776."
CISv4 - WIN - L1 - 'Network Security Minimum Session Security  For NTLMSSP Based Servers,This policy setting determines which behaviors are allowed by servers for applications using the NTLM Security Support Provider (SSP). The SSP Interface (SSPI) is used by applications that need authentication services. The setting does not modify how the authentication sequence works but instead require certain behaviors in applications that use the SSPI. The recommended state for this setting is: Require NTLM and 128-bit encryption.,Require NTLM and 128-bit encryption,Complex,"Enforcing NTLMv2-only or disabling LM/NTLM can break older network devices, NAS appliances, or legacy line-of-business apps that don't support modern auth. Audit NTLM usage first via Event Log 4776."
CISv4 - WIN - L1 - Network access: Do not allow anonymous  enumeration of SAM accounts and shares,"This policy setting controls the ability of anonymous users to enumerate SAM accounts as well as shares. If you enable this policy setting, anonymous users will not be able to enumerate domain account user names and network share names on the systems in your environment. The recommended state for this setting is: Enabled.",Enabled,Complex,Anonymous enumeration blocks are important but can break some legacy scan-to-folder or print workflows on older MFPs. Verify printer/scanner compatibility before enforcing.
CISv4 - WIN - L1 - Network access: Do not allow anonymous  enumeration of SAM accounts,"This policy setting controls the ability of anonymous users to enumerate the accounts in the Security Accounts Manager (SAM). If you enable this policy setting, users with anonymous connections will not be able to enumerate domain account user names on the systems in your environment. This policy setting also allows additional restrictions on anonymous connections. The recommended state for this setting is: Enabled.",Enabled,Complex,Anonymous enumeration blocks are important but can break some legacy scan-to-folder or print workflows on older MFPs. Verify printer/scanner compatibility before enforcing.
CISv4 - WIN - L1 - Network access: Restrict anonymous access  to Named Pipes and Shares,"When enabled, this policy setting restricts anonymous access to only those shares and pipes that are named in the Network access: Named pipes that can be accessed anonymously and Network access: Shares that can be accessed anonymously settings. This policy setting controls null session access to shares on your computers by adding RestrictNullSessAccess with the value 1 in the HKLM\SYSTEM\CurrentControlSet\Services\LanManServer\Parameters registry key. This registry value toggles null session shares on or off to control whether the server service restricts unauthenticated clients' access to named resources. The recommended state for this setting is: Enabled.",Enabled,Moderate,Anonymous enumeration blocks are important but can break some legacy scan-to-folder or print workflows on older MFPs. Verify printer/scanner compatibility before enforcing.
CISv4 - WIN - L1 - Network access: Restrict clients allowed to  make remote calls to SAM,This policy setting allows you to restrict remote RPC connections to SAM. The recommended state for this setting is: Administrators: Remote Access: Allow,Administrators: Remote Access: Allow,Moderate,Restricting SAM remote calls is strongly recommended. Only skip if an RMM or monitoring tool explicitly requires legacy SAM access — contact the vendor for a modern alternative.
CISv4 - WIN - L1 - Network security: Allow Local System to use  computer identity for NTLM,This policy setting determines whether Local System services that use Negotiate when reverting to NTLM authentication can use the computer identity. This policy is supported on at least Windows 7 or Windows Server 2008 R2. The recommended state for this setting is: Allow.,Allow,Complex,"Enforcing NTLMv2-only or disabling LM/NTLM can break older network devices, NAS appliances, or legacy line-of-business apps that don't support modern auth. Audit NTLM usage first via Event Log 4776."
CISv4 - WIN - L1 - Network security: Do not store LAN Manager  hash value on next password change,"This policy setting determines whether the LAN Manager (LM) hash value for the new password is stored when the password is changed. The LM hash is relatively weak and prone to attack compared to the cryptographically stronger Microsoft Windows NT hash. Since LM hashes are stored on the local computer in the security database, passwords can then be easily compromised if the database is attacked.Note: Older operating systems and some third-party applications may fail when this policy setting is enabled. Also, note that the password will need to be changed on all accounts after you enable this setting to gain the proper benefit. The recommended state for this setting is: Enabled.",Enabled,Complex,"Enforcing NTLMv2-only or disabling LM/NTLM can break older network devices, NAS appliances, or legacy line-of-business apps that don't support modern auth. Audit NTLM usage first via Event Log 4776."
CISv4 - WIN - L1 - Network security: LAN Manager authentication  level,"LAN Manager (LM) was a family of early Microsoft client/server software (predating Windows NT) that allowed users to link personal computers together on a single network. LM network capabilities included transparent file and print sharing, user security features, and network administration tools. In Active Directory domains, the Kerberos protocol is the default authentication protocol. However, if the Kerberos protocol is not negotiated for some reason, Active Directory will use LM, NTLM, or NTLMv2. LAN Manager authentication includes the LM, NTLM, and NTLM version 2 (NTLMv2) variants, and is the protocol that is used to authenticate all Windows clients. The recommended state for this setting is: Send LM and NTLMv2 responses only. Refuse LM and NTLM.",Send LM and NTLMv2 responses only,Complex,"Enforcing NTLMv2-only or disabling LM/NTLM can break older network devices, NAS appliances, or legacy line-of-business apps that don't support modern auth. Audit NTLM usage first via Event Log 4776."
CISv4 - WIN - L1 - Network security: Restrict NTLM: Audit  Incoming NTLM Traffic,This policy setting allows the auditing of incoming NTLM traffic. Events for this setting are recorded in the operational event log (e.g. Applications and Services Log\Microsoft\Windows\NTLM). The recommended state for this setting is: Enable auditing for all accounts.,Enable auditing for all accounts,Complex,Audit policies are low-risk to enable and strongly recommended for incident response. Only skip if event log storage or SIEM capacity is a documented constraint.
CISv4 - WIN - L1 - Specify the maximum log file size (KB) Application,"This policy setting specifies the maximum size of the log file in kilobytes. The maximum log file size can be configured between 1 megabyte (1,024 kilobytes) and 4 terabytes (4,194,240 kilobytes) in kilobyte increments. The recommended state for this setting is: Enabled: 32,768 or greater.","Enabled: 32,768 or greater",Moderate,Default log sizes may be sufficient for small SMBs not running a SIEM. Increasing log sizes consumes disk space on constrained endpoints; balance with retention needs.
CISv4 - WIN - L1 - Specify the maximum log file size (KB) Security,"This policy setting specifies the maximum size of the log file in kilobytes. The maximum log file size can be configured between 1 megabyte (1,024 kilobytes) and 4 terabytes (4,194,240 kilobytes) in kilobyte increments. The recommended state for this setting is: Enabled: 196,608 or greater","Enabled: 196,608 or greater",Moderate,Default log sizes may be sufficient for small SMBs not running a SIEM. Increasing log sizes consumes disk space on constrained endpoints; balance with retention needs.
CISv4 - WIN - L1 - Specify the maximum log file size (KB) Setup,"This policy setting specifies the maximum size of the log file in kilobytes. The maximum log file size can be configured between 1 megabyte (1,024 kilobytes) and 4 terabytes (4,194,240 kilobytes) in kilobyte increments. The recommended state for this setting is: Enabled: 32,768 or greater.","Enabled: 32,768 or greater",Moderate,Default log sizes may be sufficient for small SMBs not running a SIEM. Increasing log sizes consumes disk space on constrained endpoints; balance with retention needs.
CISv4 - WIN - L1 - Specify the maximum log file size (KB) System,"This policy setting specifies the maximum size of the log file in kilobytes. The maximum log file size can be configured between 1 megabyte (1,024 kilobytes) and 4 terabytes (4,194,240 kilobytes) in kilobyte increments. The recommended state for this setting is: Enabled: 32,768 or greater.","Enabled: 32,768 or greater",Moderate,Default log sizes may be sufficient for small SMBs not running a SIEM. Increasing log sizes consumes disk space on constrained endpoints; balance with retention needs.
CISv4 - WIN - L1 - User Account Control: Behavior of the  elevation prompt for administrators,This policy setting controls the behavior of the elevation prompt for administrators. The recommended state for this setting is: Prompt for consent on the secure desktop. Configuring this setting to Prompt for credentials on the secure desktop also conforms to the benchmark,Prompt for consent on the secure desktop,Moderate,Prompting admins for credentials (not just consent) is the most secure option but adds friction for IT staff performing frequent admin tasks on SMB endpoints. Consent prompt is an acceptable middle ground.
CISv4 - WIN - L1 - 'User Account Control: Behavior of the  elevation prompt for standard users,This policy setting controls the behavior of the elevation prompt for standard users. The recommended state for this setting is: Automatically deny elevation requests.,Automatically deny elevation requests,Moderate,Auto-denying elevation for standard users is ideal but can frustrate SMB users who occasionally need to install software. Ensure a clear IT escalation path is in place.
CISv4 - WIN - L1 - User Account Control: Detect application  installations and prompt for elevation,This policy setting controls the behavior of application installation detection for the computer. The recommended state for this setting is: Enabled.,Enabled,Moderate,UAC settings are low-disruption and strongly recommended. Only skip for break-glass/admin-only workstations where UAC is superseded by other controls.
CISv4 - WIN - L1 - 'User Account Control: Only elevate UIAccess  applications that are installed in secure locations,This policy setting controls whether applications that request to run with a User Interface Accessibility (UIAccess) integrity level must reside in a secure location in the file system. The recommended state for this setting is: Enabled.,Enabled,Moderate,UAC settings are low-disruption and strongly recommended. Only skip for break-glass/admin-only workstations where UAC is superseded by other controls.
CISv4 - WIN - L1 - User Account Control: Run all administrators  in Admin Approval Mode,"This policy setting controls the behavior of all User Account Control (UAC) policy settings for the computer. If you change this policy setting, you must restart your computer. The recommended state for this setting is: Enabled.",Enabled,Moderate,UAC settings are low-disruption and strongly recommended. Only skip for break-glass/admin-only workstations where UAC is superseded by other controls.
CISv4 - WIN - L1 - User Account Control: Switch to the secure  desktop when prompting for elevation,This policy setting controls whether the elevation request prompt is displayed on the interactive user's desktop or the secure desktop. The recommended state for this setting is: Enabled.,Enabled,Moderate,UAC settings are low-disruption and strongly recommended. Only skip for break-glass/admin-only workstations where UAC is superseded by other controls.
CISv4 - WIN - L1 - User Account Control: Use Admin Approval  Mode,This policy setting controls the behavior of Admin Approval Mode for the built-in Administrator account. The recommended state for this setting is: Enabled.,Enabled,Moderate,UAC settings are low-disruption and strongly recommended. Only skip for break-glass/admin-only workstations where UAC is superseded by other controls.
